Local,Descricao
2400.0,Av. Interlagos (Centro/Bairro) a mais 11m. da R. Geraldo Pacheco Valente
2401.0,Av. Interlagos (Bairro/Centro) a menos 30m. da Av. Engº. Eusébio Stevaux
2402.0,Av. Nsª. Srª. do Sabará (Bairro/Centro) nº 421
2403.0,Av. Nsª. Srª. do Sabará (Centro/Bairro) a mais 117m. da R. Drº. Armando da Silva Prado
2404.0,Av. Pirajussara (Bairro/Centro) a menos 270m. da R. Caminho do Engenho
2405.0,Av. Pirajussara (Bairro/Centro) a menos 270m. da R. Caminho do Engenho
2406.0,Av. Profº. Francisco Morato (Bairro/Centro) a menos 70m. R. David Matarasso
2407.0,Av. Profº. Francisco Morato (Bairro/Centro) a menos 70m. R. David Matarasso
2408.0,Av. Profº. Francisco Morato (Centro/Bairro) a menos 94m. R. João Batista de Sousa Filho
2409.0,Av. Profº. Francisco Morato (Centro/Bairro) a menos 94m. R. João Batista de Sousa Filho
2410.0,Av. Profº. Vicente Rao (Diadema/Marginal) oposto ao nº 894
2411.0,Av. Profº. Vicente Rao (Diadema/Marginal) oposto ao nº 894
2412.0,Av. Profº. Vicente Rao (Marginal/Diadema) nº 860
2413.0,Av. Profº. Vicente Rao (Marginal/Diadema) nº 860
2414.0,Estr. de Itapecerica (Bairro/Centro) nº 1.873
2415.0,Estr. de Itapecerica (Bairro/Centro) nº 1.873
2416.0,Estr. de Itapecerica (Centro/Bairro) nº 1.742
2417.0,Estr. de Itapecerica (Centro/Bairro) nº 1.742
2418.0,R. Miguel Yunes (Bairro/Centro) a menos 45m. da R. Tabaré
2419.0,R. Miguel Yunes (Centro/Bairro) a menos 170m do nº 343
2420.0,R. Olivia Guedes Penteado (Bairro/Centro) oposto ao nº 1.354
2421.0,R. Olivia Guedes Penteado (Centro/Bairro) nº 1.354
2422.0,"Av. Atlântica (Bairro/Centro) a mais 91,5m. da Av. do Rio Bonito"
2423.0,"Av. Atlântica (Bairro/Centro) a mais 91,5m. da Av. do Rio Bonito"
2424.0,Av. Atlântica (Centro/Bairro) a menos 12m. da R. Porto Artur
2425.0,Av. Atlântica (Centro/Bairro) a menos 12m. da R. Porto Artur
2426.0,Av. Atlântica (Centro/Bairro) nº 1.000
2427.0,Av. Atlântica (Centro/Bairro) nº 1.000
2428.0,"Av. Atlântica (Bairro/Centro) a menos 20,8m do nº 3.771"
2429.0,"Av. Atlântica (Bairro/Centro) a menos 20,8m do nº 3.771"
2430.0,Av. Sen. Teotonio Vilela (Centro/Bairro) nº 4.548
2431.0,Av. Sen. Teotonio Vilela (Centro/Bairro) nº 4.548
2432.0,Av. Eng°. Armando de Arruda Pereira (Centro/Bairro) a mais 65m. da R. das Vitáceas
2433.0,Av. Eng. Armando de Arruda Pereira (Bairro/Centro) n° 5.241
2434.0,Av. Ver. João de Luca (Marginal/Diadema) nº 1.790
2435.0,Av. Ver. João de Luca (Marginal/Diadema) nº 1.790
2436.0,Av. Ver. João de Luca (Diadema/Marginal) a mais 20m. da Trav. Octávio de Abreu Sampaio
2437.0,Av. Ver. João de Luca (Diadema/Marginal) a mais 20m. da Trav. Octávio de Abreu Sampaio
2438.0,Av. Jaguaré (Bairro/Centro) Pça. Francisco Luis Gonzaga
2439.0,Av. Jaguaré (Centro/Bairro) Pça. Francisco Luis Gonzaga
2440.0,Av. Jorge João Saad (Bairro/Centro) Av. Prof. Francisco Morato
2441.0,Estr. de Itapecerica (Itapecerica/SP) Av. Prof. Dr. Telemaco H. M. V. Landendonk
2442.0,Estr. de Itapecerica (SP/Itapecerica) Av. Carlos Caldeira Filho
2444.0,Av. das Nações Unidas (Interlagos/Castelo Branco) a menos 18m da Av. Vitor Manzini
2445.0,"Av. das Nações Unidas  Pista Central (Interlagos/Castelo Branco) a menos 23m do Km 9,5"
2446.0,"Av. das Nações Unidas  Pista Central (Interlagos/Castelo Branco) a menos 7,3m do Km 5,5"
2448.0,Av. dos Bandeirantes (Marginal/Imigrantes) a mais 34m da Av. Washington Luis
2460.0,Av. Jair Ribeiro da Silva (Centro/Bairro) R. Alfredo Ferreira de Carvalho
2461.0,Av. Jair Ribeiro da Silva (Bairro/Centro) R. Alfredo Ferreira de Carvalho
2483.0,Av. Ver. José Diniz (Centro/Bairro) a mais 92m. da R. Américo Brasiliense
2484.0,Av. Ver. José Diniz (Centro/Bairro) a mais 92m. da R. Américo Brasiliense
2485.0,Av. Sen. Teotônio Vilela (Centro/Bairro) oposto n° 1.583
2493.0,Av. Sadamu Inoue (Centro/Bairro - Bairro/Centro) n° 2.666 - oposto ao n° 2.666
2494.0,Av. Sadamu Inoue (Centro/Bairro - Bairro/Centro) n° 2.666 - oposto ao n° 2.666
2496.0,R. Dr°. Luiz Migliano (Vila Sônia/Morumbi - Morumbi - Vila Sônia) n° 644 - oposto n° 644
2497.0,R. Dr°. Luiz Migliano (Vila Sônia/Morumbi - Morumbi - Vila Sônia) n° 644 - oposto n° 644
2498.0,Av. Rodrigues Montemor (Bairro/Centro - Centro/Bairro) n° 533 - Oposto ao n° 533
2499.0,Av. Rodrigues Montemor (Bairro/Centro - Centro/Bairro) n° 533 - Oposto ao n° 533
2500.0,Av. Pedro Bueno (Centro/Bairro - Bairro/Centro) n° 826 - n° 935
2501.0,Av. Pedro Bueno (Centro/Bairro - Bairro/Centro) n° 826 - n° 935
2502.0,Av. Eng°. Alberto De Zagottis (Bairro/Centro - Centro/Bairro) n° 349 - Oposto ao n° 387
2503.0,Av. Eng°. Alberto De Zagottis (Bairro/Centro - Centro/Bairro) n° 349 - Oposto ao n° 387
2504.0,Av. Ângelo Cristianini (Bairro/Centro - Centro/Bairro) n° 1.419 - oposto ao n° 1.419
2505.0,Av. Ângelo Cristianini (Bairro/Centro - Centro/Bairro) n° 1.419 - oposto ao n° 1.419
2508.0,Estr. Do Campo Limpo (Campo Limpo/Marginal) oposto ao n° 640
2509.0,Av. dos Tajurás (Centro/Bairro) a menos 14m. do nº 401
2510.0,Av. Com. Sant'Anna (Itapecerica/M' Boi - M' Boi/Itapecerica) n° 1.370 - n° 1.371
2511.0,Av. Com. Sant'Anna (Itapecerica/M' Boi - M' Boi/Itapecerica) n° 1.370 - n° 1.371
2512.0,Av. Francisco De Paula Quintanilha Ribeiro (Centro/Bairro - Bairro/Centro) n° 280 - oposto ao n° 280
2513.0,Av. Francisco De Paula Quintanilha Ribeiro (Centro/Bairro - Bairro/Centro) n° 280 - oposto ao n° 280
2515.0,Av. Giovanni Gronchi (Centro/Bairro - Bairro/Centro) A menos 47 m R. Antônio Júlio Dos Santos - menos 20 m R. Pasquale Gualupp
2516.0,Av. Giovanni Gronchi (Centro/Bairro - Bairro/Centro) A menos 47 m R. Antônio Júlio Dos Santos - menos 20 m R. Pasquale Gualupp
2517.0,Av. Drº. Guilherme Dumont Villares (Giovanni/Morato) n° 1.093
2518.0,R. Mal. Hastinfilo de Moura (Morato/Giovanni - Giovanni/Morato) n° 233 - oposto ao n° 233
2519.0,R. Mal. Hastinfilo de Moura (Morato/Giovanni - Giovanni/Morato) n° 233 - oposto ao n° 233
2520.0,Av. Eng°. Heitor Antônio Eiras Garcia (Raposo/Butantã - Butantã/Raposo) n° 1.927 - oposto ao n° 1.927
2521.0,Av. Eng°. Heitor Antônio Eiras Garcia (Raposo/Butantã - Butantã/Raposo) n° 1.927 - oposto ao n° 1.927
2522.0,R. Henrique Sam Mindlin (Itapecerica/M'Boi - M'Boi/Itapecerica) n° 407 - n° 408
2523.0,R. Henrique Sam Mindlin (Itapecerica/M'Boi - M'Boi/Itapecerica) n° 407 - n° 408
2524.0,Av. Interlagos (Bairro/Centro - Centro/Bairro) n° 7.229 - n° 7.250
2525.0,Av. Interlagos (Bairro/Centro - Centro/Bairro) n° 7.229 - n° 7.250
2526.0,R. José Ramon Urtiza (Giovanni/Marg. Pinheiros - Marg. Pinheiros/Giovanni) n° 660 - n° 901
2527.0,R. José Ramon Urtiza (Giovanni/Marg. Pinheiros - Marg. Pinheiros/Giovanni) n° 660 - n° 901
2528.0,Estr. Do M'Boi Mirim (Centro/Bairro - Bairro/Centro) n° 6.880 - oposto ao n° 6.880
2529.0,Estr. Do M'Boi Mirim (Centro/Bairro - Bairro/Centro) n° 6.880 - oposto ao n° 6.880
2530.0,R. Olívia Guedes Penteado (Bairro/Centro - Centro/Bairro) n° 573 - oposto ao n° 573
2531.0,R. Olívia Guedes Penteado (Bairro/Centro - Centro/Bairro) n° 573 - oposto ao n° 573
2532.0,Pça. Prof°. Meira De Vasconcellos (Bairro/Centro) A menos 29 m Av. Amarilis
2533.0,Av. Pres. Altino (Rio Pequeno/Jaguaré - Jaguaré/Rio Pequeno) n° 1.138 - n° 1.141
2534.0,Av. Pres. Altino (Rio Pequeno/Jaguaré - Jaguaré/Rio Pequeno) n° 1.138 - n° 1.141
2535.0,Av. do Rio Bonito (Interlagos/Guarapiranga - Guarapiranga/Interlagos) n° 2.345 - oposto n° 2.345
2536.0,Av. do Rio Bonito (Interlagos/Guarapiranga - Guarapiranga/Interlagos) n° 2.345 - oposto n° 2.345
2537.0,Av. Sadamu Inoue (Bairro/Centro - Centro/Bairro) n° 6.291 - oposto ao n° 6.291
2538.0,Av. Sadamu Inoue (Bairro/Centro - Centro/Bairro) n° 6.291 - oposto ao n° 6.291
2539.0,"Túnel Sebastião Camargo (Morumbi/Ibirapuera) a menos 26,5m do Desemboque"
2540.0,"Av. Giovanni Gronchi (Bairro/Centro) a menos 7,0m. do nº 1.065"
2541.0,Av. Morumbi (Ponte Morumbi / Fco. Morato) a menos 16m. R. Padre Lebret
2542.0,Av. Morumbi (Francisco Morato/ Ponte Morumbi) nº 4.884
2543.0,Av. Nsª. Srª. do Sabará (Bairro/Centro) nº 4.071
2544.0,"Av. Nsª. Srª. do Sabará (Centro/Bairro) a mais 143,5m da R. Tabaré"
2545.0,"Av. Nsª. Srª. do Sabará (Centro/Bairro) a mais 143,5m da R. Tabaré"
2546.0,Av. Cupece (Diadema/Marginal) a menos 14m. R. Anália Maria de Jesus
2547.0,Av. Cupece (Diadema/Marginal) a menos 14m. R. Anália Maria de Jesus
2548.0,Av. Cupece (Diadema/Marginal) a mais 26m. R. José Virgínio Simões
2549.0,Av. Cupece (Diadema/Marginal) a mais 26m. R. José Virgínio Simões
2550.0,Av. Atlântica (Bairro/Centro) a menos 18m. R. Nicolau Magnoli
2551.0,Av. Atlântica (Bairro/Centro) a menos 18m. R. Nicolau Magnoli
2552.0,Av. Corifeu de Azevedo Marques (Bairro/Centro) a mais 190m. da R. Amorim Castro
2553.0,Av. Corifeu de Azevedo Marques (Bairro/Centro) a mais 190m. da R. Amorim Castro
2554.0,Av. Corifeu de Azevedo Marques (Centro/Bairro) a mais 92m. da R. Profº. Gabriel S. T. de Carvalho
2555.0,Av. Corifeu de Azevedo Marques (Centro/Bairro) a mais 92m. da R. Profº. Gabriel S. T. de Carvalho
2556.0,Av. Sen. Teotonio Vilela (Bairro/Centro) nº 5.351
2557.0,Av. Sen. Teotonio Vilela (Bairro/Centro) nº 5.351
2558.0,Av. Sen. Teotonio Vilela (Centro/Bairro) a menos 10m. da R. Balneário São José
2559.0,Av. Sen. Teotonio Vilela (Centro/Bairro) a menos 10m. da R. Balneário São José
2560.0,Av. Giovanni Gronchi (Centro/Bairro) a menos 22m. do nº 4.864
2561.0,Av. Giovanni Gronchi (Centro/Bairro) a mais 45m. da R. Caxé
2562.0,Av. Giovanni Gronchi (Centro/Bairro) a mais 45m. da R. Caxé
2568.0,Estr. do Campo Limpo (Campo Limpo/Vila Sônia) a mais 23m. da R. Domingos de Meira
2569.0,Estr. do Campo Limpo (Campo Limpo/Vila Sônia) a mais 23m. da R. Domingos de Meira
2571.0,Av. Santo Amaro (Centro/Bairro) a mais 28m. R. Verbo Divino
2577.0,Av. Cupece (Marginal/Diadema) nº 2.958
2578.0,Av. Cupece (Marginal/Diadema) nº 2.958
2579.0,Av. Cupece (Marginal/Diadema) a mais 20m. nº 4.820
2580.0,Av. Cupece (Marginal/Diadema) a mais 20m. nº 4.820
2581.0,Av. Eng. Billings (Centro/Bairro) a mais 22m. R. Br. De Antonina
2583.0,Av. Dona Belmira Marin (Bairro/Centro) a menos 60m. do nº 2.672
2584.0,Av. Dona Belmira Marin (Centro/Bairro) a mais 60m. R. Elisia Gonçalves Barcelos
2585.0,Av. Dona Belmira Marin (Centro/Bairro) a mais 322m. da Av Antonio C. Benjamin dos Santos
2586.0,Av. Dona Belmira Marin (Centro/Bairro) a mais 63m. da R. Domenico Cimarosa
2587.0,Av. Giovanni Gronchi (Centro/Bairro) Oposto nº 705
2588.0,Av. dos Tajurás (Bairro/Centro) nº 406
2589.0,Estr. de Itapecerica (Centro/Bairro) a menos 55m. R. João Francisco Delmas
2590.0,Estr. de Itapecerica (Bairro/Centro) nº 2.979
2591.0,Estr. de Itapecerica (Bairro/Centro) nº 2.979
2593.0,Av. Ver. José Diniz (Bairro/Centro) a mais 26m. R. Joaquim Nabuco
2594.0,Av. Ver. José Diniz (Bairro/Centro) a mais 26m. R. Joaquim Nabuco
2595.0,Av. Ver. José Diniz  Faiixa Exclusiva (Centro/Bairro) R. Joaquim Nabuco
2596.0,Av. Ver. José Diniz  Faiixa Exclusiva (Centro/Bairro) R. Joaquim Nabuco
2598.0,"Av. Profº. Francisco Morato (Centro/Bairro) a menos 10,5m. R. Dráusio"
2599.0,"Av. Profº. Francisco Morato (Centro/Bairro) a menos 10,5m. R. Dráusio"
2600.0,"Av. Profº. Francisco Morato (Bairro/Centro) a menos 20,0m da R. Gal. Sena Vasconcelos"
2601.0,"Av. Profº. Francisco Morato (Bairro/Centro) a menos 20,0m da R. Gal. Sena Vasconcelos"
2602.0,Av. Ver. José Diniz (Bairro/Centro) a menos 70m da R. Américo Brasiliense
2603.0,Av. Ver. José Diniz (Bairro/Centro) a menos 70m da R. Américo Brasiliense
2605.0,Av. Interlagos (Centro/Bairro) A menos 24m. R. Eng°. Alliyrio Hugueney de Mattos
2608.0,"Estrada do M'Boi Mirim, a menos 60 m da Rua João de Lima Bonfante Bairro/Centro"
2609.0,"Estrada do M'Boi Mirim, a menos 60 m da Rua João de Lima Bonfante Bairro/Centro"
2610.0,Av. Eng°. Armando de Arruda Pereira (Bairro/Centro) a mais 15m. R. Fachini
2611.0,Av. das Nações Unidas (Interlagos/Castelo Branco) a mais 10m. R. Bragança Paulista
2612.0,Av. das Nações Unidas (Interlagos/Castelo Branco) R. Guriú
2613.0,Av. dos Bandeirantes  Pista Expressa (Marginal/Imigrantes) a mais 23m. R. Porto Martins
2614.0,Estr. do Campo Limpo (Centro/Bairro) nº 3.677
2615.0,Estr. do Campo Limpo (Bairro/Centro) a mais 35m. R. Batista Crespo
2616.0,Av. Escola Politécnica (Marginal Pinheiros/Raposo) nº 5.050
2617.0,Av. Escola Politécnica (Raposo/Marginal Pinheiros) nº 5.173
2618.0,Av. Escola Politécnica (Raposo/Marginal Pinheiros) a mais 29m. nº 3.545
2619.0,Av. Eng°. Armando de Arruda Pereira (Centro/Bairro) a mais 121m. R. Luiz Carlos Fachini
2620.0,Av. Morumbi (Fco.Morato/Marginal Pinheiros) oposto ao n° 6.341
2621.0,Av. Morumbi (Marginal Pinheiros/Fco.Morato) n° 6.341
2622.0,Av. dos Bandeirantes (Imigrantes/Marginal) a menos 68m. R. Antonio Gomide
2623.0,Av. dos Bandeirantes  Pista Expressa (Imigrantes/ Marginal Pinheiros) a menos 34m. R. Lourenço Marques
2625.0,Av. das Nações Unidas (Interlagos/Castelo Branco) a mais 200m da R. Engº. Mesquita Sampaio
2626.0,Av. das Nações Unidas (Interlagos/Castelo Branco) a mais 200m da R. Engº. Mesquita Sampaio
2627.0,Marginal Pinheiros  Pista Expressa (Interlagos/Castelo Branco) a mais 103m do km 12
2629.0,Marginal Pinheiros  Pista Expressa (Interlagos/Castelo Branco) a menos 66m. km 14
2631.0,Av. das Nações Unidas (Interlagos/Castelo Branco) nº 7.203
2632.0,Marginal Pinheiros  Pista Expressa (Interlagos/Castelo Branco) a mais 139m do Km 1
2636.0,Marginal Pinheiros  Pista Expressa (Castelo Branco/Interlagos) a menos 242m. km 2
2638.0,Marginal Pinheiros (Castelo Branco/Interlagos) n° 16.741
2640.0,Av. Washington Luis (Bairro/Centro) a menos 19m. da Av. Dória
2641.0,Av. Washington Luis (Bairro/Centro) a menos 76m. da R. Robelia
2642.0,Av. Washington Luis (Bairro/Centro) a menos 9m. da R. Dr Abelardo Vergueiro Cesar
2643.0,"Av. Affonso D'Escragnolle Taunay (Marginal/Imigrantes) a mais 54,5m. Viad. Dante Delmanto"
2644.0,Av. Corifeu de Azevedo Marques (Centro/Bairro) nº 250 - a menos70m. nº 250
2645.0,Av. Corifeu de Azevedo Marques (Centro/Bairro) nº 250 - a menos70m. nº 250
2646.0,"Av. Corifeu de Azevedo Marques (Bairro/Centro) a mais 9,5m. R. Padre Justino"
2647.0,"Av. Corifeu de Azevedo Marques (Bairro/Centro) a mais 9,5m. R. Padre Justino"
2648.0,Av. Santo Amaro (Centro/Bairro) a mais 28m. R. Verbo Divino
2653.0,Av. dos Bandeirantes (Imigrantes/Marginal) a mais 164m. R. Gaivota
2654.0,Av. das Nações Unidas (Interlagos/Castelo Branco) n° 12.399
2655.0,Av. dos Bandeirantes (Marginal/Imigrantes) a menos 197m. n° 2.040
2656.0,R. Alvarenga (Centro/Bairro) a menos 28m. R. Alexandre M. Machado
2657.0,Av. Sen. Teotonio Vilela (Bairro /Centro) a mais 163m do n° 3.063
2658.0,Av. Sen. Teotonio Vilela (Bairro /Centro) a mais 163m do n° 3.063
2659.0,Av. Sen. Teotonio Vilela (Centro/Bairro) n° 2.926
2660.0,Av. Sen. Teotonio Vilela (Centro/Bairro) n° 2.926
2661.0,Av. Magalhães de Castro (Castelo Branco/Interlagos) a mais 10m. R. Murtinho Nobre
2662.0,Av. Magalhães de Castro (Castelo Branco/Interlagos) a menos 55m. R. Francisco Tramontano
2664.0,R.Verbo Divino (Marginal/Santo Amaro) Av. Santo Amaro
2665.0,Av. Santo Amaro (Centro/Bairro) R. Graham Bell
2666.0,Av. Santo Amaro (Centro/Bairro) R. Graham Bell
2667.0,Estr. do M ' Boi Mirim (Bairro/Centro) R. Anhandui Mirim
2668.0,Estr. do M ' Boi Mirim (Bairro/Centro) R. Anhandui Mirim
2669.0,Estr. do Campo Limpo (Centro/Bairro) Av. Carlos Caldeira Filho
2670.0,"Av. das Nações Unidas (Castelo Branco/Interlagos) n° 22.540, Retorno"
2671.0,"Av. das Nações Unidas (Interlagos/Castelo Branco) n° 22.413, Retorno"
2672.0,Av. das Nações Unidas (Castelo Branco/Interlagos) n° 22.540
2673.0,Estr. do Campo Limpo (Centro/Bairro) a mais 28m. da Av. Vitor Gabriel
2674.0,Largo Campo Limpo (Jd. Maria Virginia/Jd. Bom Refúgio) Estr. do Campo Limpo
2675.0,Estr. do Campo Limpo (Carlos Lacerda/Fco. Morato) a menos 90m. do n° 3.284
2676.0,Av. Carlos Caldeira Filho (Bairro/Centro) R. Rogerio de Paula Brito
2677.0,Av. Prof°. Francisco Morato (Bairro/Centro) Av. Lineu de Paula Machado
2678.0,Av. Escola Politécnica (Raposo/Marginal) R. Jorge Ward
2679.0,Av. Escola Politécnica (Marginal/Raposo) R. Jorge Ward
2680.0,R. Conde Moreira Lima (Cidade Ademar/Jabaquara - Jabaquara/Cidade Ademar) n° 395 - n° 382
2681.0,R. Conde Moreira Lima (Cidade Ademar/Jabaquara - Jabaquara/Cidade Ademar) n° 395 - n° 382
2682.0,Av. Corifeu de Azevedo Marques (Bairro/Centro) Av. Escola Politécnica
2683.0,Av. Dona Belmira Marin (Bairro/Centro) R. Dr°. Oscar Andrade Lemos
2684.0,Al. Dos Tupiniquins (Imigrantes/Marginal) Av. dos Bandeirantes
2685.0,Av. dos Bandeirantes (Imigrantes/Marginal) Av. Miruna
2686.0,Av. dos Bandeirantes  Pista Local (Imigrantes/Marginal) a menos 28m. R. Lourenço Marques
2687.0,Av. dos Bandeirantes  Pista Local (Marginal/Imigrantes) a mais 23m. R. Porto Martins
2688.0,Av. Eliseu de Almeida (Bairro/Centro) a mais 95m.R. Heitor dos Prazeres
2689.0,Av. Eliseu de Almeida (Bairro/Centro) a mais 95m.R. Heitor dos Prazeres
2692.0,Av. Eliseu de Almeida (Centro/Bairro) a mais 6m. R. Dom Henrique Mourão
2693.0,Marginal Pinheiros  Pista Expressa (Castelo Branco/Interlagos) a mais 117m. km 13
2695.0,Av. das Nações Unidas (Interlagos/Castelo Branco) nº 18.001
2696.0,"Marginal Pinheiros  Pista Expressa (Interlagos/Castelo Branco) a mais 130m do km 17,5"
2698.0,"Marginal Pinheiros  Pista Expressa (Castelo Branco/Interlagos) a mais 650m do Km 4,5 (USP)"
2699.0,Marginal Pinheiros  Pista Expressa (Interlagos/Castelo Branco) a menos 15m. Ponte Eusébio Matoso
2700.0,R. Hungria (Interlagos/Castelo Branco) a menos 20m. Av. Rebouças
2701.0,Av. Guarapiranga (Centro/Bairro) a menos 178m. Av. Guido Caloi
2702.0,Av. Guarapiranga (Bairro/Centro) nº 1.389
2703.0,Av. Guarapiranga (Bairro/Centro) nº 1.389
2704.0,Av. Guarapiranga (Centro/Bairro) a menos 178m. Av. Guido Caloi
2705.0,Marginal do Rio Pinheiros (Castelo Branco/Interlagos) a mais 238m do Km 10
2707.0,Av. Dr°. Guilherme Dumont Villares (Fco.Morato/Giovanni) a menos 55m da R. Carapoana
2708.0,Av. Padre Lebret (Bairro/Centro) n° 714
2709.0,Rod. Dos Imigrantes (Santos/São Paulo) a menos 1.200m. da R. Guaratu
2710.0,Rod. Dos Imigrantes (São Paulo/Santos) a menos 473m da R. Itaguara
2711.0,Estr. do M' Boi Mirim (Centro/Bairro) a mais 27m. n° 460
2712.0,Estr. do M' Boi Mirim (Centro/Bairro) a mais 27m. n° 460
2713.0,Av. Atlântica (Centro/Bairro) a mais 175m. R. Mario Martins de Almeida
2714.0,Av. Atlântica (Centro/Bairro) a mais 175m. R. Mario Martins de Almeida
2715.0,Av. Roque Petroni Junior (Marg.Pinheiros/Diadema) n° 1.089
2716.0,Av. Roque Petroni Junior (Marg.Pinheiros/Diadema) n° 1.089
2717.0,Estrada do Alvarenga (Centro/Bairro - Bairro/Centro) Oposto ao nº 3565 - nº 3565
2718.0,Av. Roque Petroni Junior (Diadema/Marginal Pinheiros) n° 1.226
2719.0,Av. Giovanni Gronchi (Bairro/Centro) n° 4.855
2720.0,Av. Carlos Caldeira Filho (Centro/Bairro) a mais 375m. Av. Giovanni Gronchi
2721.0,Av. Carlos Caldeira Filho (Bairro/Centro) n° 453
2723.0,R. José Ramon Urtiza (Marginal Pinheiros/Giovanni) Av. Giovanni Gronchi
2724.0,Av. Ellis Maas (Centro/Bairro) Av. Prof°. Dr°. Telemaco H. M.V. Langendonck
2726.0,Estrada do Alvarenga (Centro/Bairro - Bairro/Centro) Oposto ao nº 3565 - nº 3565
2727.0,Av. Felipe Carrilo (São Paulo/Embu - Embu/São Paulo) n° 220 - n° 189
2728.0,Av. Felipe Carrilo (São Paulo/Embu - Embu/São Paulo) n° 220 - n° 189
2729.0,Av. Dom Rodrigues Sanches (Embu/São Paulo - São Paulo/Embu) oposto ao n° 650 - n° 650
2730.0,Av. Dom Rodrigues Sanches (Embu/São Paulo - São Paulo/Embu) oposto ao n° 650 - n° 650
2731.0,Marg. Pinheiros (C. Branco - Interlagos) A mais 214m da R. Bento Frias
2753.0,Marginal Pinheiros Pista Expressa (Interlagos/Castelo Branco) A menos 19 m do Km 16
2759.0,"Marginal Pinheiros  Pista Expressa (Castelo Branco/Interlagos) a mais 650m do Km 4,5 (USP)"
2760.0,"Marginal Pinheiros  Pista Expressa (Castelo Branco/Interlagos) a mais 650m do Km 4,5 (USP)"
2761.0,"Marginal Pinheiros  Pista Expressa (Castelo Branco/Interlagos) a mais 650m do Km 4,5 (USP)"
2765.0,Marg. Pinheiros (C. Branco - Interlagos) A mais 214m da R. Bento Frias
2766.0,Marg. Pinheiros (C. Branco - Interlagos) A mais 214m da R. Bento Frias
2767.0,Marg. Pinheiros (C. Branco - Interlagos) A mais 214m da R. Bento Frias
2771.0,Av. dos Bandeirantes (Marginal/Imigrantes) a mais 34m da Av. Washington Luis
2772.0,Av. dos Bandeirantes (Marginal/Imigrantes) a mais 34m da Av. Washington Luis
2773.0,Marginal do Rio Pinheiros (Castelo Branco/Interlagos) a mais 238m do Km 10
2775.0,Av. das Nações Unidas  Pista Local (Interlagos/Castelo Branco) a mais 140m da Av. dos Semaneiros
2777.0,Av. das Nações Unidas (Interlagos/Castelo Branco) a menos 18m da Av. Vitor Manzini
2779.0,Rod. Dos Imigrantes (Santos/São Paulo) a menos 1.200m. da R. Guaratu
2780.0,Rod. Dos Imigrantes (São Paulo/Santos) a menos 473m da R. Itaguara
2781.0,Marginal Pinheiros  Pista Expressa (Interlagos/Castelo Branco) a mais 103m do km 12
2783.0,Marginal Pinheiros  Pista Expressa (Castelo Branco/Interlagos) a mais 117m. km 13
2785.0,Marginal Pinheiros  Pista Expressa (Interlagos/Castelo Branco) a menos 15m. Ponte Eusébio Matoso
2787.0,"Av. Eng. Billings, a mais 22 m da Rua Barão de Antonina Centro/Bairro"
2791.0,"Av. das Nações Unidas, nº18001 Interlagos/Castelo Branco"
2793.0,"Av. das Nações Unidas, a mais 10 m da Rua Bragança Paulista Interlagos/C. Branco"
2796.0,"Rua Hungria, a menos 20 m da Av. Rebouças Interlagos/Castelo Branco"
2798.0,"Av. das Nações Unidas, nº 7203 Interlagos/Castelo Branco - nome alterado em 15/01/2019"
2802.0,"Av. Magalhães de Castro, a menos 55 m da Rua FranciscoTramontano Castelo Branco/Interlagos"
2809.0,"Av. das Nações Unidas - Pista Local, a mais 140m da Av. dos Semaneiros Interlagos/C. Branco"
2813.0,"Av. das Nações Unidas, nº 12399 Interlagos/Castelo Branco"
2816.0,"Av. das Nações Unidas - Pista Central , a menos 23m do Km 9,5 Interlagos/Castelo Branco"
2820.0,"Estrada do M'Boi Mirim, nº 1211 Bairro/Centro"
2821.0,"Estrada do M'Boi Mirim, nº 1211 Bairro/Centro"
2822.0,"Estrada do M'Boi Mirim, nº 2203 Bairro/Centro"
2823.0,"Estrada do M'Boi Mirim, nº 2203 Bairro/Centro"
2824.0,"Estrada do M'Boi Mirim, a mais 34 m do nº 1060 Centro/Bairro"
2825.0,"Estrada do M'Boi Mirim, a mais 34 m do nº 1060 Centro/Bairro"
2826.0,"Estrada do M'Boi Mirim, nº 2420 Centro/Bairro"
2827.0,"Estrada do M'Boi Mirim, nº 2420 Centro/Bairro"
2828.0,"Estrada do M'Boi Mirim, nº 3928 Centro/Bairro"
2829.0,"Estrada do M'Boi Mirim, nº 3928 Centro/Bairro"
2830.0,Estrada do M'Boi MIrim X Rua José Barros Magaldi Bairro/Centro
2831.0,"Av. das Nações Unidas, a menos 50 m do nº 20728 Castelo Branco/Interlagos"
2832.0,"Av. das Nações Unidas, a menos 50 m do nº 20728 Castelo Branco/Interlagos"
2834.0,"Av. Senador Teotônio Vilela, a menos 152 m do nº 3.481 Bairro/Centro"
2842.0,"Av. Senador Teotônio Vilela, nº 852 Centro/Bairro"
2843.0,"Av. Senador Teotônio Vilela, a mais 110 m da Rua Padre José Garzotti Bairro/Centro"
2844.0,"Av. Senador Teotônio Vilela, nº 5.960 Centro/Bairro"
2845.0,"Av. Senador Teotônio Vilela, nº 6.801 Bairro/Centro"
2849.0,"Av. Senador Teotônio Vilela, a menos 152 m do nº 3.481 Bairro/Centro"
2853.0,"Av. Senador Teotônio Vilela, nº 852 Centro/Bairro"
2854.0,"Av. Senador Teotônio Vilela, a mais 110 m da Rua Padre José Garzotti Bairro/Centro"
2855.0,"Av. Senador Teotônio Vilela, nº 5.960 Centro/Bairro"
2856.0,"Av. Senador Teotônio Vilela, nº 6.801 Bairro/Centro"
4219.0,R. Maria Carlota (Bairro/Centro) nº 395
4220.0,Av. Rio das Pedras (Bairro/Centro) a mais 18m do nº 2.021
4221.0,Av. São Miguel (Bairro/Centro) nº 105
4222.0,Av. Rio das Pedras (Centro/Bairro) a mais 42m da R. Minérios Atômicos
4223.0,Av. Rio das Pedras (Centro/Bairro) a mais 42m da R. Minérios Atômicos
4224.0,R. Antônio de França e Silva (Bairro/Centro - Centro/Bairro) X R. Maria Farneti
4225.0,R. Antônio de França e Silva (Bairro/Centro - Centro/Bairro) X R. Maria Farneti
4226.0,R. Catumbi (Centro/Bairro) nº 318
4227.0,R. Marcos Arruda (Bairro/Centro) X R. Cachoeira
4228.0,Av. Gabriela Mistral (Penha/Marginal Tietê) nº 520
4229.0,Av. Gabriela Mistral (Marginal Tietê / Penha) nº 503
4230.0,R. do Oratório (Mooca/Vila Prudente) oposto ao nº 2.621
4231.0,R. do Oratório (Vila Prudente/Mooca) nº 2.621
4232.0,R. Tuiuti (Centro/Bairro) X R. Padre Adelino
4233.0,Av. Antônio de Barros (V. Formosa / Tatuapé) nº 2.361
4234.0,Av. Antônio de Barros (Centro / Bairro) X R. Aguapeí
4235.0,R. do Orfanato (Bairro/Centro) x Pça. Padre Damião
4236.0,R. Drº. Assis Ribeiro (Bairro/Centro) oposto ao nº 3.216
4237.0,R. Drº. Assis Ribeiro (Bairro/Centro) oposto ao nº 3.216
4238.0,Av. Cangaíba (Centro/Bairro) nº 3.460
4239.0,Av. Amador Bueno da Veiga (Centro/Bairro) nº 1.968
4240.0,Av. Cangaiba (Bairro/Centro) nº 3.427
4241.0,Av. Cangaiba (Bairro/Centro) nº 3.427
4244.0,Av. João XXIII (Bairro/Centro) x Av. Mons. Antônio Castro
4245.0,Av. João XXIII (Centro/Bairro) x Av. Mons. Antônio Castro
4246.0,Av. Mateo Bei (Bairro/Centro) nº 2.323
4247.0,Av. Mateo Bei (Bairro/Centro) nº 2.323
4248.0,Av. Mateo Bei (Centro/Bairro) nº 2.372
4249.0,Av. Mateo Bei (Centro/Bairro) nº 2.372
4250.0,Av. Celso Garcia (Centro/Bairro) nº 5.824
4251.0,Av. Conde de Frontin (Centro/Bairro) a mais 40m da R. Monsenhor Francisco de Paula
4252.0,Av. Conde de Frontin (Centro/Bairro) a mais 40m da R. Monsenhor Francisco de Paula
4255.0,R. Com. Cantinho (Bairro/Centro) X R. CeL. Rodovalho
4256.0,Av. Paes de Barros (Centro/Bairro) nº 2.430
4257.0,Av. Paes de Barros (Centro/Bairro) nº 2.430
4262.0,R. Drº. Assis Ribeiro (Bairro/Centro) a menos 120m da Av. Gabriela Mistral
4263.0,Av. Águia de Haia (Centro/Bairro) a menos 240m da Estr. do Imperador
4264.0,Av. Águia de Haia (Centro/Bairro) a menos 240m da Estr. do Imperador
4265.0,Av. Águia de Haia (Bairro /Centro) a menos 104 m da estr de Mogi das Cruzes
4266.0,Av. Águia de Haia (Bairro /Centro) a menos 104 m da estr de Mogi das Cruzes
4267.0,Av. Mal. Tito (Bairro/Centro) nº 877
4268.0,Av. Mal. Tito (Bairro/Centro) nº 877
4269.0,Av. Mal. Tito (Centro/Bairro) a mais 30m da R. Engº. Manuel Osório
4270.0,Av. Mal. Tito (Centro/Bairro) a mais 30m da R. Engº. Manuel Osório
4271.0,Estr. do Imperador (Centro/Bairro) oposto ao nº 984
4272.0,Estr. do Imperador (Centro/Bairro) oposto ao nº 984
4273.0,Av. São Miguel (Centro/Bairro) nº 474 - nº 400
4274.0,Av. São Miguel (Centro/Bairro) nº 474 - nº 400
4275.0,R. Ana Clara (Av. Morais Costa / Av. do Oratório) n° 296 A
4276.0,Av. da Barreira Grande (Centro/Bairro - Bairro/Centro) n° 2.064 - oposto n° 2.064
4277.0,Av. da Barreira Grande (Centro/Bairro - Bairro/Centro) n° 2.064 - oposto n° 2.064
4278.0,Av. da Barreira Grande (Centro/Bairro - Bairro/Centro) n° 2.832 - n° 2.905
4279.0,Av. da Barreira Grande (Centro/Bairro - Bairro/Centro) n° 2.832 - n° 2.905
4280.0,R. Costa Barros (Bairro/Centro - Centro/Bairro) n° 1.441 - n° 1.448
4281.0,R. Costa Barros (Bairro/Centro - Centro/Bairro) n° 1.441 - n° 1.448
4282.0,R. Francisco Rebelo (São Lucas / V. Califórnia) n° 314
4283.0,R. Nova Brasília (Sapopemba / Barreira Grande - Barreira Grande / Sapopemba) n° 501 - n° 510
4284.0,R. Nova Brasília (Sapopemba / Barreira Grande - Barreira Grande / Sapopemba) n° 501 - n° 510
4285.0,Av. Do Oratório (Bairro/Centro - Centro/Bairro) n° 6.515 - n° 6.518
4286.0,Av. Do Oratório (Bairro/Centro - Centro/Bairro) n° 6.515 - n° 6.518
4287.0,Av. Do Oratório (Centro/Bairro- Bairro/Centro) n° 3.232 - n° 3.191A
4288.0,Av. Do Oratório (Centro/Bairro- Bairro/Centro) n° 3.232 - n° 3.191A
4289.0,Av. Sapopemba (Sapopemba / São Lucas - São Lucas / Sapopemba) n° 8.023 - Oposto n° 8.023
4290.0,Av. Sapopemba (Sapopemba / São Lucas - São Lucas / Sapopemba) n° 8.023 - Oposto n° 8.023
4291.0,R. Solidônio Leite (Bairro/Centro - Centro/Bairro) n° 2.563 - oposto n° 2.563
4292.0,R. Solidônio Leite (Bairro/Centro - Centro/Bairro) n° 2.563 - oposto n° 2.563
4293.0,Av. Vila Ema (Bairro/Centro - Centro/Bairro) n° 5.475 - oposto n° 5.475
4294.0,Av. Vila Ema (Bairro/Centro - Centro/Bairro) n° 5.475 - oposto n° 5.475
4295.0,Av. Zelina (Vl. Prudente / V.Alpina - V.Alpina / Vl. Prudente) n° 1.212 - Oposto n° 1.212
4296.0,Av. Zelina (Vl. Prudente / V.Alpina - V.Alpina / Vl. Prudente) n° 1.212 - Oposto n° 1.212
4297.0,Av. JacuPês./N. Trab. (S. Miguel/S. Mateus) a mais 22m da R. Cel. Manuel F. de Souza
4298.0,Av. JacuPês./N. Trab. (S. Miguel/S. Mateus) a menos 378m da Tv. Flôr de Pêssego
4300.0,Av. Calim Eid (Centro/Bairro) a mais 13 m da R. Tarú
4301.0,Av. Calim Eid (Bairro/Centro) nº 269
4302.0,Av. Salim Farah Maluf (Marg. Tietê/Vl. Prudente) a mais 196 m da R. Fausto Cleva
4303.0,Av. Salim Farah Maluf (Marginal Tietê/Vila Prudente) X Av. Celso Garcia
4304.0,Av. Salim Farah Maluf (Vila Prudente/Marginal Tietê) X Av. Celso Garcia
4305.0,R. Drº. Assis Ribeiro (Centro/Bairro) X Av. Drº. Salomão de Vasconcelos
4306.0,Av. São Miguel (Centro/Bairro) nº 4.560
4307.0,Av. Mal. Tito (Bairro/Centro) nº 6.035
4308.0,"Av. Mal. Tito (Bairro/Centro) a mais 2,0m da R. Antônio Nunes Pinto"
4309.0,Av. José Pinheiro Borges (Centro/Bairro) a menos 300m da R. Bento Munhoz
4310.0,Av. São Miguel (Bairro/Centro) X Av. Gov. Carvalho Pinto
4311.0,Av.Paes de Barros (Centro/Bairro) nº 148
4312.0,Av. Mercúrio (Bairro/Centro) x R. da Cantareira
4313.0,Av. do Estado (Centro/Bairro) x Av. Mercúrio
4314.0,Av. Salim Farah Maluf (Bairro/Centro) x Av. Vila Ema
4315.0,Av. Aricanduva (Centro/Bairro) x Av. dos Latinos
4316.0,Av. do Estado (Ipiranga / Santana) X Av. Santos Dumont
4317.0,Av. Conselheiro Carrão (Bairro/Centro) X R. Luis Pinto
4318.0,Av. Conselheiro Carrão (Centro/Bairro) X R. Luis Pinto
4319.0,Av. Jacu Pêssego/Nova Trabalhadores (Mauá / A. Senna) nº 1.923
4320.0,Av. Jacu Pêssego/Nova Trabalhadores (Mauá / A. Senna) nº 1.923
4321.0,Av. Paes de Barros (Bairro/Centro) nº 1.025
4322.0,Av. Drº. Francisco Mesquita (S. André / SP) a mais 140m da R. Vila Prudente
4323.0,Av. Jacu Pêssego/Nova Trabalhadores (Mauá / A. Senna) nº 385
4324.0,"Av. Jacu Pêssego/Nova Trabalhadores (A. Senna / Mauá, A. Senna /Mauá) nº 394"
4326.0,Av. Alcântara Machado (Centro/Bairro) a mais 18m da R. Hipódromo
4328.0,Av. Campanella (Bairro/Centro) oposto ao nº 696
4332.0,Av. Campanella (Centro/Bairro) nº 696
4334.0,R. Taquari (Centro/Bairro) nº 624
4336.0,Av. Jacu Pêssego/Nova Trabalhadores (São Mateus/São Miguel) X R. Montanhas
4338.0,Av. Drº. Luiz Ayres (Bairro/Centro) a mais 314 m da R. Maciel Monteiro
4340.0,Av. Drº. Luiz Ayres (Centro/Bairro) a mais 162 m da R. Dr. Pedro Mendes
4342.0,R. Maria Paula (Bairro/Centro) X Av. Brig. Luis Antônio
4344.0,Av. Jacu Pêssego/Nova Trabalhadores (A. Senna / Mauá) a mais 62m da Passarela Padre Duilio Liburdi
4354.0,R. Melo Freire (Bairro/Centro) a mais 404m do Viaduto Carlos Ferraci
4358.0,Av. Ragueb Chohfi (Bairro/Centro) a mais 150m da R. Francisco de Melo Palheta
4360.0,Av. Ragueb Chohfi (Centro/Bairro) a mais 130m da R. Maria Aparecida Custodio
4362.0,Av. Salim Farah Maluf (Marg. Tietê/Vl. Prudente) a menos 20 m da Av. Vila Ema
4364.0,Av. Paes de Barros (Centro/Bairro) nº 3.420
4366.0,Av. Conde de Frontin (Centro/Bairro) a menos 55 m da R. Pinhalzinho
4368.0,Av. Conde de Frontin (Bairro/Centro) a menos 325 m do acesso ao Vd. Antônio Abdo
4370.0,Av. São Miguel (Centro/Bairro) a menos 29 m da R. Pau D´Arco Roxo
4372.0,Av. JacuPês./N. Trab. (S. Miguel/S. Mateus) a menos 8 m da R. Iososuke Okaue
4374.0,Av. JacuPês./N. Trab. (S. Mateus/S. Miguel) a menos 20 m da R Jaime Ribeiro Wright
4376.0,Av. JacuPês./N. Trab. (S. Miguel/S. Mateus) a mais 256 m da Est. Dos Monos
4378.0,Av. JacuPês./N. Trab. (S. Miguel/S. Mateus) a mais 301 m da Av. Ragueb Chohfi
4380.0,Av. JacuPês./N. Trab. (S. Miguel/S. Mateus) a menos 302 m da Av. Ragueb Chohfi
4385.0,Av. do Estado (Centro/Bairro) a menos 10m da R. Paulo Barbosa
4386.0,Av. Salim Farah Maluf (Marg. Tietê/Vl. Prudente) a menos 40m da R. Florindo Bras
4387.0,Av. JacuPês./N. Trab. (S. Miguel/S. Mateus) a mais 256 m da Est. Dos Monos
4388.0,Av. do Estado (Bairro/Centro) a mais 401m da R. Guembé
4389.0,Av. JacuPês./N. Trab. (S. Mateus/S. Miguel) a menos 20 m da R Jaime Ribeiro Wright
4390.0,Av. Alcântara Machado (Bairro/Centro) a menos 34 m da R. Placidina
4391.0,Av. do Estado (Bairro/Centro) X Pça. Alberto Lion
4392.0,R. Ribeiro de Lima (Luz / Pari) X Av. Tiradentes
4393.0,R. João Tobias (Bairro/Centro) Av. Alcântara Machado
4394.0,Av. São Raimundo (Bairro/Centro) a mais 113m da R. Simião Fernandes
4397.0,Av. Celso Garcia (Bairro/Centro) n° 4.911
4398.0,"Av. Rudge (Bairro/Centro) a mais 4,5m da R. James Holland"
4399.0,"Av. Rudge (Bairro/Centro) a mais 4,5m da R. James Holland"
4400.0,R. Drº. Assis Ribeiro (Penha/S. Miguel) a menos 137m da R. Serra de Itaquera
4401.0,Av. Salim Farah Maluf (Vl. Prudente/Marg. Tietê) a mais 205m da R. Rhône
4402.0,Av. Rudge  FAIXA EXLUSIVA (Centro/Bairro) X R. Sérgio Tomas
4403.0,Av. Rudge  FAIXA EXLUSIVA (Centro/Bairro) X R. Sérgio Tomas
4406.0,Av. Nove de Julho (Centro/Bairro) nº 398
4407.0,Av. Nove de Julho (Centro/Bairro) nº 398
4408.0,R. Drº. Assis Ribeiro (S. Miguel/Penha) oposto ao nº 10.170
4409.0,Av. Nove de Julho (Bairro/Centro) nº 399
4410.0,Av. Nove de Julho (Bairro/Centro) nº 399
4411.0,Av. Aricanduva (Centro/Bairro) x Av. dos Latinos
4412.0,Av. São João (Centro/Bairro) X Av. Ipiranga
4413.0,Av. Sapopemba (Centro/Bairro) nº 3.244
4414.0,R. Acuruí (Bairro/Centro) oposto ao nº 700
4415.0,R. Acuruí (Centro/Bairro) nº 700
4416.0,Av. Amador Bueno da Veiga (Bairro/Centro - Centro/Bairro) n° 487 - n° 486
4417.0,Av. Amador Bueno da Veiga (Bairro/Centro - Centro/Bairro) n° 487 - n° 486
4418.0,Av. Álvaro Ramos (Bairro/Centro - Centro/Bairro) oposto nº1.582 - nº 1.582
4419.0,Av. Álvaro Ramos (Bairro/Centro - Centro/Bairro) oposto nº1.582 - nº 1.582
4420.0,Av. Afonso de Sampaio e Sousa (Bairro/Centro - Centro/Bairro) nº 3.074 - oposto nº 3.074
4421.0,Av. Afonso de Sampaio e Sousa (Bairro/Centro - Centro/Bairro) nº 3.074 - oposto nº 3.074
4422.0,R. Cônego Antônio Manzi (Lageado / Nordestina - Nordestina / Lageado) n° 27 - n° 4A
4423.0,R. Cônego Antônio Manzi (Lageado / Nordestina - Nordestina / Lageado) n° 27 - n° 4A
4424.0,"Av. Águia de Haia (São Miguel / Radial - Radial / São Miguel) a menos 6,50 m da R. Cuim - a mais 21 m da R. Cuim"
4425.0,"Av. Águia de Haia (São Miguel / Radial - Radial / São Miguel) a menos 6,50 m da R. Cuim - a mais 21 m da R. Cuim"
4426.0,Av. Águia de Haia (São Miguel / Radial - Radial / São Miguel) oposto nº 176 - nº 176
4427.0,Av. Águia de Haia (São Miguel / Radial - Radial / São Miguel) oposto nº 176 - nº 176
4428.0,R. Augusto Carlos Bauman (Bairro/Centro - Centro/Bairro) n° 687 C - oposto ao n° 687 C
4429.0,R. Augusto Carlos Bauman (Bairro/Centro - Centro/Bairro) n° 687 C - oposto ao n° 687 C
4433.0,Av. Oliveira Freire (Guarulhos / São Miguel - São Miguel / Guarulhos) n° 715 - n° 732
4434.0,Av. Oliveira Freire (Guarulhos / São Miguel - São Miguel / Guarulhos) n° 715 - n° 732
4435.0,Av. Jacu Pêssego/Nova Trabalhadores (Mauá / A. Senna) nº 385
4436.0,"Av. Jacu Pêssego/Nova Trabalhadores (A. Senna / Mauá, A. Senna /Mauá) nº 394"
4438.0,Av. São Miguel (Centro/Bairro) a menos 29 m da R. Pau D´Arco Roxo
4439.0,Av. Aricanduva (Centro/Bairro) a mais 123m da R. Astarte
4440.0,Av. Aricanduva (Centro/Bairro) a mais 123m da R. Astarte
4441.0,R. Celso de Azevedo Marques (Bairro/Centro - Centro/Bairro) n° 193 A - n° 196
4442.0,R. Celso de Azevedo Marques (Bairro/Centro - Centro/Bairro) n° 193 A - n° 196
4443.0,Av. Campanella (Bairro/Centro - Centro/Bairro) n° 1.863 - oposto n° 1.863
4444.0,Av. Campanella (Bairro/Centro - Centro/Bairro) n° 1.863 - oposto n° 1.863
4445.0,Av. Boturussu (São Miguel / Paranaguá - Paranaguá / São Miguel) mais 2m n° 906 - n° 915
4446.0,Av. Boturussu (São Miguel / Paranaguá - Paranaguá / São Miguel) mais 2m n° 906 - n° 915
4447.0,Av. Bom Jardim (Bairro/Centro - Centro/Bairro) n° 220 - n° 275
4448.0,Av. Bom Jardim (Bairro/Centro - Centro/Bairro) n° 220 - n° 275
4449.0,Av. Cangaíba (Centro/Bairro - Bairro/Centro) n° 2.526 - n° 2.539
4450.0,Av. Cangaíba (Centro/Bairro - Bairro/Centro) n° 2.526 - n° 2.539
4451.0,R. Luis Mateus (Iguatemi / São Miguel - São Miguel / Iguatemi) n° 675 - n° 820
4452.0,R. Luis Mateus (Iguatemi / São Miguel - São Miguel / Iguatemi) n° 675 - n° 820
4453.0,R. Jardim Tamoio (Guaianazes / Itaquera - Itaquera / Guaianazes) x R. Cristóvão De Salamanca
4454.0,R. Jardim Tamoio (Guaianazes / Itaquera - Itaquera / Guaianazes) x R. Cristóvão De Salamanca
4455.0,Av. Montemagno (Água Rasa / V. Formosa - V. Formosa / Água Rasa) n° 2.926 - n° 2.927
4456.0,Av. Montemagno (Água Rasa / V. Formosa - V. Formosa / Água Rasa) n° 2.926 - n° 2.927
4457.0,R. Itinguçu (Centro/Bairro - Bairro/Centro) n° 1.512 - n° 1.517
4458.0,R. Itinguçu (Centro/Bairro - Bairro/Centro) n° 1.512 - n° 1.517
4459.0,Av. Renata (Sapopemba / Aricanduva - Aricanduva / Sapopemba) n° 257 - n° 258
4460.0,Av. Renata (Sapopemba / Aricanduva - Aricanduva / Sapopemba) n° 257 - n° 258
4461.0,Av. Aricanduva (Centro/Bairro) a mais 13 m da R. Funilândia
4462.0,Av. Aricanduva (Centro/Bairro) a mais 13 m da R. Funilândia
4463.0,Av. Conde de Frontin (Centro/Bairro) a menos 55 m da R. Pinhalzinho
4464.0,Av. Conde de Frontin (Bairro/Centro) a menos 325 m do acesso ao Vd. Antônio Abdo
4465.0,Av. Paes de Barros (Centro/Bairro) nº 3.420
4466.0,Av. Cipriano Rodrigues (Centro/Bairro - Bairro/Centro) n° 314 - oposto n° 314
4467.0,Av. Cipriano Rodrigues (Centro/Bairro - Bairro/Centro) n° 314 - oposto n° 314
4468.0,Av. Paranaguá (São Miguel / Assis Ribeiro - Assis Ribeiro / São Miguel) n° 2.070 - oposto n° 2.070
4469.0,Av. Paranaguá (São Miguel / Assis Ribeiro - Assis Ribeiro / São Miguel) n° 2.070 - oposto n° 2.070
4470.0,R. Olho D'Água do Borges (Centro/Bairro - Bairro/Centro) n° 184 - n° 94
4471.0,R. Olho D'Água do Borges (Centro/Bairro - Bairro/Centro) n° 184 - n° 94
4472.0,R. Manuel Bueno Da Fonseca (Centro/Bairro - Bairro/Centro) n° 120 A - oposto n° 120A
4473.0,R. Manuel Bueno Da Fonseca (Centro/Bairro - Bairro/Centro) n° 120 A - oposto n° 120A
4475.0,Av. Drº. José Artur Nova (São Paulo / Guarulhos - Guarulhos / São Paulo) n° 800 - oposto n° 800
4476.0,Estr. Dom João Nery (I. Paulista / Lageado - Lageado / I. Paulista) n° 3.462 - oposto n° 3.462
4477.0,Estr. Dom João Nery (I. Paulista / Lageado - Lageado / I. Paulista) n° 3.462 - oposto n° 3.462
4478.0,R. Do Oratório (Água Rasa / Moóca - Moóca / Água Rasa) n° 2.853 - oposto n° 2.853
4479.0,R. Do Oratório (Água Rasa / Moóca - Moóca / Água Rasa) n° 2.853 - oposto n° 2.853
4480.0,R. Damásio Pinto (Centro/Bairro - Bairro/Centro) n° 294 - oposto n° 294
4481.0,R. Damásio Pinto (Centro/Bairro - Bairro/Centro) n° 294 - oposto n° 294
4482.0,Av. dos Latinos (Bairro/Centro - Centro/Bairro) n° 627 - oposto n° 627
4483.0,Av. dos Latinos (Bairro/Centro - Centro/Bairro) n° 627 - oposto n° 627
4486.0,R. Salvador Gianetti (Centro/Bairro - Bairro/Centro) n° 386 - oposto n° 386
4487.0,R. Salvador Gianetti (Centro/Bairro - Bairro/Centro) n° 386 - oposto n° 386
4488.0,Av. São Miguel (Bairro/Centro) oposto ao n° 2.768
4489.0,Av. São Miguel (Centro/Bairro) n° 2.384
4490.0,Av. Barão De Alagoas (Centro/Bairro - Bairro/Centro) a menos 22m do n° 832 - a menos 35m da R.Itajubi
4491.0,Av. Barão De Alagoas (Centro/Bairro - Bairro/Centro) a menos 22m do n° 832 - a menos 35m da R.Itajubi
4492.0,"R. da Passagem Funda (Iguatemi / Guaianazes - Guaianazes / Iguatemi) a menos 9,00 m R. Prof. Tadeu - n° 518"
4493.0,"R. da Passagem Funda (Iguatemi / Guaianazes - Guaianazes / Iguatemi) a menos 9,00 m R. Prof. Tadeu - n° 518"
4494.0,Av. Nordestina (São Miguel / Lageado - Lageado / São Miguel) nº 6.800 - oposto ao nº 6.800
4495.0,Av. Nordestina (São Miguel / Lageado - Lageado / São Miguel) nº 6.800 - oposto ao nº 6.800
4498.0,Av. José Pinheiro Borges (Centro/Bairro) a menos 18m da R. Itagimirim
4499.0,Av. José Pinheiro Borges (Bairro/Centro) a menos 19m da R. Itagimirim
4500.0,Av. José Pinheiro Borges (Bairro/Centro) a mais 370m da R. Coroa de Frade
4501.0,Av.Paes de Barros (Centro/Bairro) nº 148
4502.0,R. São Teodoro (Centro/Bairro - Bairro/Centro) mais 23 m n° 1.198 - a mais 35 m R. Lagoa Taí Grande
4503.0,R. São Teodoro (Centro/Bairro - Bairro/Centro) mais 23 m n° 1.198 - a mais 35 m R. Lagoa Taí Grande
4504.0,R. Sabbado D Angelo (São Miguel / Iguatemi - Iguatemi / São Miguel) n° 1.980 - Oposto n° 1.980
4505.0,R. Sabbado D Angelo (São Miguel / Iguatemi - Iguatemi / São Miguel) n° 1.980 - Oposto n° 1.980
4506.0,R. Fernão Carrilho (Guaianazes / Ferraz de Vasconcelos - Ferraz de Vasconcelos / Guaianazes) n° 109 - n° 7 B
4507.0,R. Fernão Carrilho (Guaianazes / Ferraz de Vasconcelos - Ferraz de Vasconcelos / Guaianazes) n° 109 - n° 7 B
4508.0,R. João Boemer (Bairro/Centro) n° 296
4509.0,Estr. Do Lageado Velho (Bairro/Centro - Centro/Bairro) n° 579 - n° 612
4510.0,Estr. Do Lageado Velho (Bairro/Centro - Centro/Bairro) n° 579 - n° 612
4511.0,R. Waldemar Tietz (Artur Alvim / Cidade Lider - Cidade Lider / Artur Alvim) n° 365 - n° 366
4512.0,R. Waldemar Tietz (Artur Alvim / Cidade Lider - Cidade Lider / Artur Alvim) n° 365 - n° 366
4515.0,Av. Marechal Tito (Bairro/Centro - Centro/Bairro) n° 6.765 - oposto n° 6.765
4516.0,Av. Marechal Tito (Bairro/Centro - Centro/Bairro) n° 6.765 - oposto n° 6.765
4517.0,R. Baia Grande (Vila Alpina / Vila Zelina - Vila Zelina / Vila Alpina) nº 483 - nº 472
4518.0,R. Baia Grande (Vila Alpina / Vila Zelina - Vila Zelina / Vila Alpina) nº 483 - nº 472
4519.0,R. da Glória (Centro/Bairro) nº 200
4520.0,R. Galvão Bueno (Bairro/Centro) nº 13
4522.0,R. Santa Ifigênia (Bairro/Centro) nº 163
4523.0,Pça. Princesa Isabel (Bairro/Centro) a menos 25m da Av. Duque de Caxias
4524.0,Pça. Princesa Isabel (Bairro/Centro) a menos 25m da Av. Duque de Caxias
4525.0,R. José Paulino (Centro/Bairro) nº 414
4526.0,R. Ribeiro de Lima (Tiradentes/Bom Retiro) nº 500
4527.0,R. Carlos de Sousa Nazaré (Sé/Brás) nº 190
4528.0,R. Paula Sousa (Santa Ifigênia/Brás) nº 205
4530.0,R. Brigadeiro Tobias (Bairro/Centro) nº 541
4531.0,R. Venceslau Brás (Pq. Dom Pedro/Sé) nº 66
4532.0,Av. Sen. Queirós (Brás/Santa Ifigênia) nº 396
4533.0,Av. Sen. Queirós (Brás/Santa Ifigênia) nº 396
4534.0,Av. São Miguel (Centro/Bairro) nº 4.560
4535.0,"Av. Cruzeiro do Sul (Centro/Bairro) a menos 64,0m do nº 548"
4536.0,"Av. Cruzeiro do Sul (Centro/Bairro) a menos 64,0m do nº 548"
4537.0,Av. Salim Farah Maluf (Vila Prudente/Marg. Tietê) a menos 152m do nº 2.211
4538.0,Av. Alcântara Machado (Centro/Bairro) nº 638
4539.0,Av. Alcântara Machado (Centro/Bairro) nº 638
4540.0,"Av. Aricanduva, Pista Expressa (Centro/Bairro) a mais 163m da R. Manilha"
4541.0,Av. Profº. Luiz Ignácio de Anhaia Mello (Centro/Bairro) a menos 45m da R. Nova Timboteua
4542.0,"Av. Profº. Luiz Ignácio de Anhaia Mello (Bairro/Centro) a menos 51,5m da R. Santa Maria do Cambucá"
4543.0,Av. Paes de Barros (Bairro/Centro) nº 2.761
4544.0,Av. Paes de Barros (Bairro/Centro) nº 2.761
4545.0,R. Melo Freire (Bairro/Centro) a mais 404m do Viaduto Carlos Ferraci
4546.0,Av. José Pinheiro Borges (Centro/Bairro) a menos 10m do acesso da R. Boicorá
4547.0,Av. Cangaíba (Centro/Bairro - Bairro/Centro) n° 142 - oposto nº 142
4548.0,Av. Cangaíba (Centro/Bairro - Bairro/Centro) n° 142 - oposto nº 142
4549.0,Av. Drº. Luiz Ayres (Bairro/Centro) a mais 314 m da R. Maciel Monteiro
4550.0,Av. Drº. Luiz Ayres (Centro/Bairro) a mais 162 m da R. Dr. Pedro Mendes
4552.0,Av. Ragueb Chohfi (Bairro/Centro) a mais 150m da R. Francisco de Melo Palheta
4553.0,Av. Ragueb Chohfi (Centro/Bairro) a mais 130m da R. Maria Aparecida Custodio
4554.0,Av. Aricanduva (Bairro/Centro) a mais 290m da Av. Afonso de Sampaio e Souza
4555.0,Av. Aricanduva (Bairro/Centro) a mais 290m da Av. Afonso de Sampaio e Souza
4556.0,Av. Aricanduva (Centro/Bairro) a mais 14m da R. Drº. Mariano C. de Moura
4557.0,Av. Aricanduva (Centro/Bairro) a mais 14m da R. Drº. Mariano C. de Moura
4558.0,AV ALCANTARA MACHADO (Centro/Bairro) A MAIS 3M DA R SIQUEIRA BUENO
4559.0,AV ALCANTARA MACHADO (Centro/Bairro) A MAIS 3M DA R SIQUEIRA BUENO
4560.0,AV ALCANTARA MACHADO (Bairro/Centro) A MENOS 28 METROS DO VIADUTO GUADALAJARA
4561.0,Av. São Miguel (Bairro/Centro) nº 7.469
4562.0,Av. São Miguel (Bairro/Centro) nº 7.469
4563.0,Av. Profº. Luiz Ignácio de Anhaia Mello (Centro/Bairro) oposto ao nº 3.333
4564.0,Av. Profº. Luiz Ignácio de Anhaia Mello (Centro/Bairro) oposto ao nº 3.333
4565.0,Av. Profº. Luiz Ignácio de Anhaia Mello (Bairro/Centro) nº 3.333
4566.0,Av. Profº. Luiz Ignácio de Anhaia Mello (Bairro/Centro) nº 3.333
4567.0,Av. Drº. Luiz Ayres (Centro/Bairro) a menos 123m da Av. Profº.  Engº. Ardevan Machado
4568.0,Av. Drº. Luiz Ayres (Centro/Bairro) a menos 123m da Av. Profº.  Engº. Ardevan Machado
4569.0,Av. Sapopemba (Centro/Bairro) oposto ao nº 12.141
4570.0,Av. Sapopemba (Centro/Bairro) oposto ao nº 12.141
4571.0,Av. Sapopemba (Centro/Bairro) a menos 15m do nº 13.958
4572.0,Av. Sapopemba (Bairro/Centro) nº 14.331A
4574.0,Av. Antônio Estevão de Carvalho (Bairro/Centro) oposto ao nº 100
4575.0,Av. Antônio Estevão de Carvalho (Bairro/Centro) oposto ao nº 100
4576.0,Av. Antônio Estevão de Carvalho (Centro/Bairro) a mais 133m da Pça. Nossa Senhora da Anunciação
4577.0,Av. Antônio Estevão de Carvalho (Centro/Bairro) a mais 133m da Pça. Nossa Senhora da Anunciação
4578.0,Estr. de Mogi das Cruzes (Centro/Bairro) a mais 30m da R. Bacaúbas
4579.0,Estr. de Mogi das Cruzes (Centro/Bairro) a mais 30m da R. Bacaúbas
4580.0,Av. Jacu Pêssego/Nova Trabalhadores (Ayrton Senna / Mauá) a menos 220m da Av. Sapopemba
4581.0,Av. Jacu Pêssego/Nova Trabalhadores (Mauá / Ayrton Senna) a menos 280m da Av. Sapopemba
4582.0,Av. Jacu Pêssego/Nova Trabalhadores (Mauá / Ayrton Senna) a menos 260m do acesso Rod. Ayrton Senna
4583.0,Av. Jacu Pêssego/Nova Trabalhadores (Ayrton Senna / Mauá) a mais 250m do acesso Rod. Ayrton Senna
4584.0,Av. Sapopemba (Centro/Bairro) oposto nº 5.905
4585.0,Av. Sapopemba (Bairro/Centro) nº 5.905
4586.0,Av. Santos Dumont (Centro/Bairro) a menos 162m da Av do Estado
4587.0,Av. Santos Dumont (Centro/Bairro) a menos 162m da Av do Estado
4588.0,Av. Santos Dumont (Bairro/Centro) a menos 20m R. Rodolfo Miranda
4589.0,Av. Santos Dumont (Bairro/Centro) a menos 20m R. Rodolfo Miranda
4590.0,Av. José Pinheiro Borges (Centro/Bairro) a mais 147m do Viaduto Milton Leão
4591.0,Estr. de Mogi das Cruzes (Centro/Bairro) nº 590
4592.0,Estr. de Mogi das Cruzes (Centro/Bairro) nº 590
4593.0,Av. Celso Garcia  FAIXA CONTRA FLUXO (Bairro/Centro) nº 5.759
4594.0,Av. Salim Farah Maluf (V.Prudente / Marginal) X R. Diogo Lopes
4595.0,Av. Alcântara Machado (Bairro/Centro) X R. Bresser
4596.0,R. João Teodoro (Brás / Luz) X Av. Tiradentes
4597.0,R. dos Trilhos (Centro/Bairro) a menos 24m da R. Visconde de Laguna
4598.0,R. dos Trilhos (Centro/Bairro) a menos 24m da R. Visconde de Laguna
4599.0,Av. Rio das Pedras (Centro/Bairro) nº 280
4600.0,Av. Rio das Pedras (Centro/Bairro) nº 280
4601.0,Av. Rio das Pedras (Bairro/Centro) nº 203A
4602.0,Av. Rio das Pedras (Bairro/Centro) nº 203A
4603.0,Estr. de Mogi das Cruzes (Bairro/Centro) nº 147 - a menos 1m do nº 209
4604.0,Estr. de Mogi das Cruzes (Bairro/Centro) nº 147 - a menos 1m do nº 209
4605.0,R. do Acre (Centro/Bairro) nº 722
4606.0,R. do Acre (Centro/Bairro) nº 722
4607.0,R. Luis Juliani (São Paulo/Santo André - Santo André/São Paulo) n° 528 - n° 515A
4608.0,R. Luis Juliani (São Paulo/Santo André - Santo André/São Paulo) n° 528 - n° 515A
4609.0,Av. Sapopemba (Bairro/Centro) a mais 54m da R. Ilha do Cardoso
4610.0,Av. Sapopemba (Bairro/Centro) a mais 54m da R. Ilha do Cardoso
4611.0,Av. José Pinheiro Borges (Bairro/Centro) a mais 32m. da R. Alzira Livramento Marzagão
4612.0,Av. José Pinheiro Borges (Centro/Bairro) a menos 60m. da R. José Bauman
4613.0,R. Alvinópolis (Bairro/Centro) a menos 114 m da R. Mirandinha
4614.0,R. Alvinópolis (Bairro/Centro) a menos 114 m da R. Mirandinha
4615.0,Av. Aricanduva (Centro/Bairro) X Av. Rio das Pedras
4616.0,Av. do Estado (Ipiranga/Santana) x R. João Teodoro
4617.0,Av. Aricanduva (Bairro/Centro) x R. Sebastião de Andrade
4618.0,Av do Estado (Santana/Ipiranga) x R dos Patriotas
4619.0,Av. São Luís (República/Sé) x Rua da Consolação
4620.0,Av do Estado (Santana/Ipiranga) x Av Cruzeiro do Sul
4621.0,av. Aricanduva (Bairro/Centro) x Av. Itaquera
4622.0,Av. Ragueb Chohfi (São Mateus/Tiradentes) x Av. Aricanduva
4623.0,Rua Melo Freire (Centro/Bairro) x Rua Apucarana
4624.0,"Av. Aricanduva (Bairro/Centro) a menos 1,385 km da Est. da Fazenda do Carmo"
4625.0,"Av. Aricanduva (Bairro/Centro) a menos 1,385 km da Est. da Fazenda do Carmo"
4626.0,Av. Aricanduva (Centro/Bairro) a menos 65m do nº 12.200
4627.0,Av. Aricanduva (Centro/Bairro) a menos 65m do nº 12.200
4628.0,R. Drº. Assis Ribeiro (Centro/Bairro) nº 414
4629.0,Av. Aricanduva (Bairro/Centro) a mais 65m da Av. Matapi
4630.0,Av. Aricanduva (Bairro/Centro) a mais 65m da Av. Matapi
4631.0,Av. Marechal Tito (Bairro/Centro) a mais 191m do Vd. da China
4632.0,Av. Marechal Tito (Bairro/Centro) a mais 191m do Vd. da China
4633.0,Av. Marechal Tito (Centro/Bairro) Rua Caraipe das Águas
4634.0,Av. José Pinheiro Borges (Centro/Bairro) R. Santana do Agreste
4635.0,Av. José Pinheiro Borges (Bairro/Centro) x R. Santana do Agreste
4636.0,Av. Aricanduva (Bairro/Centro) a menos 225m da R. Fortuna de Minas
4637.0,Av. Aricanduva (Bairro/Centro) a menos 225m da R. Fortuna de Minas
4638.0,Rua Melo Freire (Centro/Bairro) x Rua Apucarana
4641.0,Av. Drº. José Artur Nova (São Paulo / Guarulhos - Guarulhos / São Paulo) n° 800 - oposto n° 800
4642.0,Av. Nordestina (Itaim/Guaianases) Rua José Leão dos Santos
4643.0,Av. Nordestina (Guaianases/Itaim) a mais 86m da Rua Parreira Brava
4644.0,Av. Aricanduva (Bairro/Centro) a menos 38 metros da Rua Arquiteto Heitor de Melo
4647.0,Av. do Estado (Santana/Ipiranga) a menos 32m da Rua Dona Ana Neri
4648.0,Av. Prof. Luiz Ignacio Mello (Centro/Bairro) nº 1820
4649.0,Av. Prof. Luiz Ignacio Mello (Centro/Bairro) nº 1820
4653.0,Av. Alcântara Machado (Bairro/Centro) X R. Bresser
4654.0,Av. Osvaldo Pucci (Cidade Líder/José Bonifacio - José Bonifacio/Cidade Líder) a mais 3m oposto ao n° 555 - a menos 3m n° 555
4655.0,Av. Osvaldo Pucci (Cidade Líder/José Bonifacio - José Bonifacio/Cidade Líder) a mais 3m oposto ao n° 555 - a menos 3m n° 555
4657.0,
5080.0,R. Clélia (Bairro/Centro) nº 1.607
5081.0,R. Clélia (Bairro/Centro) nº 939
5082.0,Av. Nove de Julho (Centro/Bairro) nº 5.866
5083.0,Av. Nove de Julho (Centro/Bairro) nº 5.866
5084.0,Av. Jabaquara (Centro/Bairro) nº 2046
5085.0,Av. Dom Pedro I (Mooca/Ipiranga) nº 920
5086.0,Av. Dom Pedro I (Ipiranga/Mooca) nº 909
5089.0,Av. Marques de São Vicente (Bairro/Centro) a mais 80m do n° 2.853
5090.0,Av. Marques de São Vicente (Bairro/Centro) a mais 80m do n° 2.853
5091.0,Av. Marques de São Vicente (Centro/Bairro) n° 2.898
5092.0,Av. Marques de São Vicente (Centro/Bairro) n° 2.898
5095.0,Av. Ordem e Progresso (Centro/Bairro) Oposto ao n° 95
5096.0,Av. Ordem e Progresso (Centro/Bairro) Oposto ao n° 95
5097.0,Av. Drº. Abraão Ribeiro (Centro/Bairro) x Av. Marques de São Vicente
5098.0,Av. Brasil (Pinheiros/Ibirapuera) x R. Colombia
5099.0,Av. Francisco Matarazzo (Centro/Bairro) x R. Barão de Tefé
5100.0,Av. Francisco Matarazzo (Centro/Bairro) x R. Barão de Tefé
5101.0,C.V. Ayrton Senna (Centro/Bairro) a mais 50 m da Av. Vinte e Três de Maio
5102.0,Av. Dr. Ricardo Jafet (Imigrantes/Ipiranga) a menos 10 m da R. Saioá
5103.0,Av. Vinte e Três de Maio (Aeroporto/ Santana) a mais 134m do Acesso a R. Pedroso
5104.0,Av. Vinte e Três de Maio (Santana/Aeroporto) a mais 183m da R. Asdrubal do Nascimento
5105.0,Av. Vinte e Três de Maio (Santana/Aeroporto) a menos 100m do C.V. Ayrton Senna
5106.0,Av. Vinte e Três de Maio (Aeroporto/Santana) a mais 100m do Acesso a R. Drº. Luis F. Sobrinho
5111.0,Av. Santo Amaro (Bairro/Centro) n° 2.587
5112.0,Av. Santo Amaro (Bairro/Centro) n° 2.587
5113.0,Av. Santo Amaro (Centro/Bairro) nº 2.524
5114.0,Av. Santo Amaro (Centro/Bairro) nº 2.524
5115.0,Av. Juntas Provisorias (Anchieta / Mooca) n° 295
5116.0,Av. Ibirapuera (Centro/Bairro) nº 3398
5117.0,Av. Ibirapuera (Centro/Bairro) nº 3398
5118.0,Av. Duque de Caxias (Centro/Bairro) n° 193
5120.0,Av. Juntas Provisórias (Mooca / Anchieta) n° 1.338
5121.0,Av. Pompéia (Barra Funda / Pompeia) Oposto n° 227
5122.0,Av. Pompéia (Pompeia / Barra Funda) n° 227
5123.0,Av. São João (Bairro/Centro) n° 2.097
5124.0,Av. São João (Bairro/Centro) n° 2.097
5125.0,R. Teodoro Sampaio (Bairro/Centro) nº 1.316
5126.0,Av. Antartica (Marginal Tiete / Pinheiros) a mais 10 m do Viaduto Antartica
5127.0,R. Sena Madureira (Ibirapuera / Vila Mariana) n° 1.355
5128.0,Av. Angélica (Centro/Bairro) x R. Cel. José Eusébio
5129.0,R. Estados Unidos (Itaim/Pinheiros) x Av. Reboucas
5130.0,Av. Ibirapuera (Bairro/Centro) x Av. Moaci
5131.0,Av. Ibirapuera (Bairro/Centro) x Av. Moaci
5132.0,Av. Santo Amaro (Bairro/Centro) x R. Afonso Braz
5133.0,Av. Santo Amaro (Bairro/Centro) x R. Afonso Braz
5134.0,Av. Pres. Juscelino Kubitschek (Ibirapuera/Marg. Pinheiros) x Av. Brig. Faria Lima
5136.0,Av. Ibirapuera (Bairro/Centro) x Av. Chibaras
5137.0,Av. Ibirapuera (Bairro/Centro) x Av. Chibaras
5138.0,Av. Pres. Juscelino Kubitschek (Marg. Pinheiros/Ibirapuera) x R. Profº. Atílio Innocenti
5139.0,Av. Pres. Juscelino Kubitschek (Marg. Pinheiros/Ibirapuera) x R. Profº. Atílio Innocenti
5140.0,R. João Cachoeira (Pinheiros/Itaim) x Av. Pres. Juscelino Kubitschek
5141.0,Av. Pompéia (Pompeia/Barra Funda) x R. Nestor Vitor
5142.0,Av. Profº. Alfonso Bovero (Centro/Bairro) x R. Tucuna
5143.0,Av. Brig. Faria Lima (Pinheiros/Itaim) nº 1.134
5145.0,R. Artur de Azevedo (Centro/Bairro) x Av. Pedroso de Morais
5147.0,R. Pamplona (Centro/Bairro) x Al. Lorena
5148.0,R. Joaquim Floriano (Centro/Bairro) x R. Drº. Renato Paes de Barros
5149.0,R. Drº. Rafael de Barros (Centro/Bairro) x R. Tutóia
5150.0,R. Sergipe (Bairro/Centro) x R. Itacolomi
5151.0,R. dos Pinheiros (Bairro/Centro) x R. Drº. Virgilio de Carvalho Pinto
5153.0,Pça. Amadeu Amaral (Centro/Bairro) x R. Treze de Maio
5154.0,Av. Pedroso de Morais (Pinheiros/Itaim) x R. Teodoro Sampaio
5155.0,Av. Nove de Julho (Centro/Bairro) x R. Paim
5156.0,R. Bela Cintra (Bairro/Centro) x Al. Itu
5157.0,R. Oscar Freire (Consolação/Paraíso) x R. Haddock Lobo
5158.0,Al. Barão de Limeira (Centro/Bairro) x Al. Nothmann
5159.0,R. Cubatão (Consolação/Paraíso) x R. Sampaio Viana
5160.0,R. Drº. Alberto Seabra (Lapa/Pinheiros - Pinheiros/Lapa) nº 966 - nº 959
5161.0,R. Drº. Alberto Seabra (Lapa/Pinheiros - Pinheiros/Lapa) nº 966 - nº 959
5162.0,R. Apinajes (Perdizes/Pinheiros - Pinheiros/Perdizes) nº 1.694 - Oposto ao nº 1.694
5163.0,R. Apinajes (Perdizes/Pinheiros - Pinheiros/Perdizes) nº 1.694 - Oposto ao nº 1.694
5164.0,R. Aurélia (Lapa/Pinheiros - Pinheiros/Lapa) nº 1.906 - nº 1.921
5165.0,R. Aurélia (Lapa/Pinheiros - Pinheiros/Lapa) nº 1.906 - nº 1.921
5166.0,Pça. São Marcos (Pinheiros/Lapa - Lapa/Pinheiros) a mais 25 m da Av. São Gualter
5167.0,Pça. São Marcos (Pinheiros/Lapa - Lapa/Pinheiros) a mais 25 m da Av. São Gualter
5178.0,Av. Jabaquara (Centro/Bairro) nº 2046
5186.0,Av. Nove de Julho (Centro/Bairro) n° 4.364
5187.0,Av. Nove de Julho (Centro/Bairro) n° 4.364
5188.0,Av. Nove de Julho (Bairro/Centro) n° 4.325
5189.0,Av. Nove de Julho (Bairro/Centro) n° 4.325
5190.0,Av. Nove de Julho (Bairro/Centro) n° 2.029
5191.0,Av. Nove de Julho (Bairro/Centro) n° 2.029
5192.0,Av. Nove de Julho (Centro/Bairro) n° 2.054
5193.0,Av. Nove de Julho (Centro/Bairro) n° 2.054
5194.0,Av. Eusébio Matoso (Bairro/Centro) a menos 5 m da R. São Columbano
5195.0,Av. Eusébio Matoso (Bairro/Centro) a menos 5 m da R. São Columbano
5196.0,Av. Eusébio Matoso (Centro/Bairro) a mais 70 m da R. Cardeal Arcoverde
5197.0,Av. Eusébio Matoso (Centro/Bairro) a mais 70 m da R. Cardeal Arcoverde
5198.0,Av. Rebouças (Bairro/Centro) n° 839
5199.0,Av. Rebouças (Bairro/Centro) n° 839
5200.0,Av. Rebouças (Centro/Bairro) Oposto n° 839
5201.0,Av. Rebouças (Centro/Bairro) Oposto n° 839
5202.0,Av. Rebouças (Bairro/Centro) n° 2.485
5203.0,Av. Rebouças (Bairro/Centro) n° 2.485
5204.0,Av. Rebouças (Centro/Bairro) n° 2.472
5205.0,Av. Rebouças (Centro/Bairro) n° 2.472
5206.0,Av. Queiroz Filho (Bairro/Centro) n° 313
5207.0,Av. Presidente Tancredo Neves (Anchieta/Imigrantes) n° 332
5208.0,Av. Presidente Tancredo Neves (Imigrantes/Anchieta) Oposto n° 298
5209.0,Av. Francisco Matarazzo (Centro/Bairro) n° 524
5210.0,Av. Francisco Matarazzo (Centro/Bairro) n° 524
5211.0,Av. Francisco Matarazzo (Bairro/Centro) Oposto n° 524
5212.0,Av. Francisco Matarazzo (Bairro/Centro) Oposto n° 524
5213.0,Av. Francisco Matarazzo (Bairro/Centro) Oposto n° 1.500
5214.0,Av. Francisco Matarazzo (Bairro/Centro) Oposto n° 1.500
5215.0,R. Sena Madureira (Vl. Mariana/Ibirapuera) n° 1.484
5217.0,Av. Pacaembú (Pacaembú/Barra Funda) n° 885
5218.0,Av. Drº. Gastão Vidigal (Marg. Tiete/ Vl. Leopoldina) x R. Mergenthaler
5219.0,Av. Dr°. Gastão Vidigal (Vl. Leopoldina/Marg. Tietê) a mais 14 m da R. Major Paladino
5220.0,Av. Antonio Batuira (Marg. Pinheiros/Pça. Panamericana) a menos 20 m da Av. Semaneiros
5221.0,Av. Padre Pereira de Andrade (Pinheiros/Lapa) n° 575
5222.0,Av. Brig. Faria Lima (Itaim/Pinheiros) x Av. Pres. Juscelino Kubitschek
5223.0,R. Monte Pascal (Anhanguera/Lapa) a mais 29 m da R. Samuel Klabin
5224.0,R. Monte Pascal (Lapa/anhanguera) a mais 17 m do nº 300
5225.0,R. Vergueiro (Ipiranga/Vila Mariana) x R. Diderot
5226.0,R. da Consolação (Bairro/Centro) nº 927
5227.0,Av. Queiroz Filho (Centro/Bairro) Oposto ao nº 313
5228.0,R. Côn. Eugênio Leite (Bairro/Centro) x R. Artur de Azevedo
5229.0,Av. Profº. Abraão de Morais (Jabaquara/Ipiranga) nº 37
5230.0,Av. Antonio Joaquim de Moura Andrade (Marginal Pinheiros/Ibirapuera) nº 175
5231.0,R. Mauricio Francisco Klabin (Vila Mariana/Ipiranga) nº 422
5232.0,Av. Dr. Ricardo Jafet (Ipiranga/Imigrantes) a mais 27m da R. Mary Baida Salem
5233.0,R. Cardoso de Almeida (Pacaembu/Barra Funda) a menos 131m da R. Mons Alberto Pequeno
5234.0,R. Heitor Penteado (Centro/Bairro) a mais 88m do Viad. Drº. Arnaldo
5235.0,R. John Harrison (Barra Funda/Lapa) Oposto ao nº 735
5236.0,R. Cerro Corá (Lapa/Jaguare - Jaguare/Lapa) nº 1.268 - Oposto nº 1.268
5237.0,R. Cerro Corá (Lapa/Jaguare - Jaguare/Lapa) nº 1.268 - Oposto nº 1.268
5238.0,R. Cerro Corá (Jaguare/Lapa - Lapa/Jaguare) nº 2.375 - nº 2.384
5239.0,R. Cerro Corá (Jaguare/Lapa - Lapa/Jaguare) nº 2.375 - nº 2.384
5240.0,Av. Profº. Fonseca Rodrigues (Vl.Leopoldina/Pinheiros - Pinheiros/Vl.Leopoldina) a mais 267m da Pça. Apecatu - a menos 26 m da R. Ubiracica
5241.0,Av. Profº. Fonseca Rodrigues (Vl.Leopoldina/Pinheiros - Pinheiros/Vl.Leopoldina) a mais 267m da Pça. Apecatu - a menos 26 m da R. Ubiracica
5242.0,R. Major Paladino (Vila dos Remédios/Lapa) a mais 23m da Ponte dos Remédios
5243.0,R. Tito (Lapa/Perdizes) nº 21
5244.0,Vd. Armando Puglise (Paraíso/Consolação) alt do nº 911 da R. Treze de Maio
5245.0,Av. do Cursino (Centro/Bairro - Bairro/Centro) Oposto nº 3.271 - nº 3.271
5246.0,Av. do Cursino (Centro/Bairro - Bairro/Centro) Oposto nº 3.271 - nº 3.271
5247.0,R. Dom Vilares (Ipiranga/Imigrantes - Imigrantes/Ipiranga) x R. Evolução
5248.0,R. Dom Vilares (Ipiranga/Imigrantes - Imigrantes/Ipiranga) x R. Evolução
5249.0,R. Engº. Edgar Egídio de Souza (Santa Cecilia/Pacaembu) nº 303
5250.0,Av. Drº. Gentil de Moura (Centro/Bairro) nº 980
5251.0,Av. IV Centenário (Bairro/Centro - Centro/Bairro) nº 1.105 - Oposto nº 1.105
5252.0,Av. IV Centenário (Bairro/Centro - Centro/Bairro) nº 1.105 - Oposto nº 1.105
5253.0,R. do Lavapés (Centro/Bairro) nº 598
5254.0,R. Maestro Cardim (Paraiso/Liberdade) nº 1.251
5255.0,R. Nossa Senhora da Saúde (Anchieta/Imigrantes - Imigrantes/Anchieta) nº 1.387 - nº 1.394
5256.0,R. Nossa Senhora da Saúde (Anchieta/Imigrantes - Imigrantes/Anchieta) nº 1.387 - nº 1.394
5257.0,Av. Pe. Arlindo Vieira (Anchieta/Imigrantes - Imigrantes/Anchieta) nº 3.100 - nº 3.101
5258.0,Av. Pe. Arlindo Vieira (Anchieta/Imigrantes - Imigrantes/Anchieta) nº 3.100 - nº 3.101
5259.0,R. Engº. Ranulfo Pinheiro de Lima (Ipiranga/Vila Mariana) nº 74
5260.0,R. Ribeiro Lacerda (Imigrantes/Anchieta - Anchieta/Imigrantes) x R. Fonseca da Costa
5261.0,R. Ribeiro Lacerda (Imigrantes/Anchieta - Anchieta/Imigrantes) x R. Fonseca da Costa
5262.0,R. Vergueiro (Bairro/Centro - Centro/Bairro) nº 8.527 - Oposto nº 8.527
5263.0,R. Vergueiro (Bairro/Centro - Centro/Bairro) nº 8.527 - Oposto nº 8.527
5264.0,R. Cel. Diogo (Cambuci/Ipiranga - Ipiranga/Cambuci) nº 1.199 - Oposto ao nº 1.199
5265.0,R. Cel. Diogo (Cambuci/Ipiranga - Ipiranga/Cambuci) nº 1.199 - Oposto ao nº 1.199
5267.0,Av. Nazaré (Centro/Bairro) n° 588
5268.0,Av. Nazaré (Centro/Bairro) n° 588
5286.0,Av. Nazaré (Bairro/Centro) n° 1.361
5287.0,Al. Gabriel Monteiro da Silva (Marg. Pinheiros / Centro) nº 2.453
5288.0,Av. Pompéia (Pompéia/Marg. Tietê) nº 1.603
5289.0,Av. Pompéia (Marg. Tietê/Pompéia) nº 1.536
5290.0,Av. Indianópolis (Jabaquara / Ibirapuera) Oposto ao n° 46
5291.0,Av. Ibirapuera (Centro/Bairro) n° 1.994
5292.0,Av. Ibirapuera (Centro/Bairro) n° 1.994
5293.0,Av. Brig. Faria Lima (Pinheiros / Itaim) n° 4.532
5294.0,Av. Nove de Julho (Centro/Bairro) n° 3.384
5295.0,Av. Nove de Julho (Centro/Bairro) n° 3.384
5296.0,Av. Pedro Álvares Cabral (Jabaquara / Ibirapuera) n° 201
5297.0,Av. Pedro Álvares Cabral (Jabaquara / Ibirapuera) n° 201
5298.0,R. Bom Pastor (Helióp./Sacomã) n° 3.019
5299.0,Av. do Cursino (Bairro/Centro) x Pça. Antonio Pugliesi
5300.0,Av. República do Libano (Centro/Bairro) nº 528
5301.0,Av. Fagundes Filho (Jabaquara/Cursino) nº 789
5302.0,R. Br. de Jundiaí (Bairro/Centro) nº 272
5303.0,R. Augusta (Bairro/Centro) nº 1.801
5304.0,R. Augusta (Centro/Bairro) nº 1.828
5305.0,Av. Cidade Jardim (Bairro/Centro) x R. Araçari
5306.0,Av. Higienópolis (Centro/Bairro) nº 235
5307.0,R. da Consolação (Centro/Bairro) nº 1.272
5308.0,R. da Consolação (Centro/Bairro) nº 1.272
5309.0,R. Pedroso (Liberdade / Bela Vista) nº 258
5310.0,R. Dona Veridiana (Consolação/Sta. Cecília) nº 298
5311.0,Av. Nove de Julho (Bairro/Centro) nº 3.117
5312.0,Av. Nove de Julho (Bairro/Centro) nº 3.117
5313.0,Av. Paulo VI (Perdizes / Pinheiros) nº 2.022
5314.0,Av. Paulo VI (Perdizes / Pinheiros) nº 2.022
5315.0,Av. Paulo VI (Pinheiros/Perdizes) Oposto ao nº 2.004
5316.0,Av. Paulo VI (Pinheiros/Perdizes) Oposto ao nº 2.004
5317.0,Av. Rubem Berta (Aeroporto/Santana) a mais 70m do nº 1.377
5318.0,R. Teodoro Sampaio (Bairro/Centro) nº 2.883
5319.0,Av. Ermano Marchetti (Bairro/Centro) a mais 150m da Ponte do Piqueri
5320.0,Av. Ermano Marchetti (Bairro/Centro) a mais 150m da Ponte do Piqueri
5321.0,R. Teodoro Sampaio (Bairro/Centro) nº 1.316
5322.0,Av. Cidade Jardim (Bairro/Centro) x R. Araçari
5323.0,R. da Consolação (Bairro/Centro) nº 927
5324.0,Av. Ermano Marchetti (Centro/Bairro) a mais 40m da R. Cenno Sbrighi
5325.0,Av. Ermano Marchetti (Centro/Bairro) a mais 40m da R. Cenno Sbrighi
5326.0,Av. Ermano Marchetti (Bairro/Centro) a mais 38m da R. do Curtume
5327.0,Av. Ermano Marchetti (Bairro/Centro) a mais 38m da R. do Curtume
5328.0,Av. Ermano Marchetti (Centro/Bairro) a menos 160m da Ponte do Piqueri
5329.0,Av. Ermano Marchetti (Centro/Bairro) a menos 160m da Ponte do Piqueri
5330.0,Av. Padre Pereira de Andrade (Lapa/Pinheiros) Oposto ao nº 519
5331.0,Av. Norma Pieruccini Giannotti (Bairro/Centro) a menos 10m da Av. Rudge
5332.0,Av. Norma Pieruccini Giannotti (Bairro/Centro) a menos 10m da Av. Rudge
5333.0,Av. Norma Pieruccini Giannotti (Centro/Bairro) a mais 80m da R. James Holland
5334.0,Av. Norma Pieruccini Giannotti (Centro/Bairro) a mais 80m da R. James Holland
5337.0,Av. Profº. Noé Azevedo (Jabaquara / Vl. Mariana) a mais 20m da R. Dona Júlia
5338.0,Av. Profº. Noé Azevedo (Jabaquara / Vl. Mariana) a mais 20m da R. Dona Júlia
5339.0,R. Frei Caneca (Bairro/Centro) nº 425
5340.0,R. Pedro de Toledo (V.Mariana/Ibirapuera) x R. Napoleão de Barros
5341.0,Av. Almirante Delamare (São Paulo / S. C. do Sul) a menos 76m da R. Cônego Xavier
5342.0,Av. Almirante Delamare (São Paulo / S. C. do Sul) a menos 76m da R. Cônego Xavier
5344.0,Pça. da República (Centro/Bairro) nº 295
5345.0,Al. Joaquim Eugênio de Lima (Centro/Bairro) nº 286
5346.0,Av. Dr. Arnaldo (Centro/Bairro) a mais 155m da R. Mj. Natanael
5347.0,R. Augusta (Bairro/Centro) nº 1.801
5348.0,R. Palestra Itália (Perdizes/Lapa) x Av. Pompéia
5349.0,R. Palestra Itália (Perdizes/Lapa) x Av. Pompéia
5350.0,Av. Dr. Arnaldo (Centro/Bairro) a mais 155m da R. Mj. Natanael
5351.0,Al. Santos (Consolação /Paraíso) nº 1.293
5352.0,Av. Profº. Fonseca Rodrigues (Pinheiros/Ceasa) nº 224
5353.0,Av. Profº. Fonseca Rodrigues (Ceasa/Pinheiros) nº 787
5354.0,Av. Brasil (Ibirapuera/Pinheiros) nº 126
5355.0,Av. Paulo VI (Pinheiros/Sumaré) a mais 35m da R. Lisboa
5356.0,Av. Paulo VI (Pinheiros/Sumaré) a mais 35m da R. Lisboa
5357.0,Av. Paulo VI (Sumaré/Pinheiros) a mais 135m da Pça. Oswaldo Cruz de Souza Dias
5358.0,Av. Paulo VI (Sumaré/Pinheiros) a mais 135m da Pça. Oswaldo Cruz de Souza Dias
5359.0,Al. dos Nhambiquaras (Bairro/Centro) nº 614
5362.0,R. Afonso de Freitas (Centro/Bairro) nº 320
5363.0,Al. dos Maracatins (Centro/Bairro) a mais 7m da Av. Divino Salvador
5364.0,Av. Drº. Gastão Vidigal (Marg. Tietê/Pinheiros) Oposto ao nº 2.301
5365.0,R. Estados Unidos (Ibirapuera/Pinheiros) nº 1.470
5366.0,R. Haddock Lobo (Centro/Bairro) nº 403
5367.0,C.V. Maria Maluf (Ipiranga/Jabaquara) a mais 155m do Desemboque do Túnel
5368.0,C.V. Maria Maluf (Jabaquara/Ipiranga) a menos 122 m do Emboque do Túnel
5369.0,Av. Dr. Arnaldo (Bairro/Centro) nº 925
5370.0,Av. Dr. Arnaldo (Bairro/Centro) nº 925
5371.0,R. Iguatemi (Itaim/Pinheiros) nº 192
5372.0,R. Iguatemi (Itaim/Pinheiros) nº 192
5375.0,R. Card. Arcoverde (Centro/Bairro) nº 266
5376.0,R. Card. Arcoverde (Centro/Bairro) nº 266
5377.0,R. Tabapuã (Itaim/Jd. Paulista) nº 711
5378.0,R. Tabapuã (Itaim/Jd. Paulista) nº 711
5379.0,R. da Independência (Centro/Bairro) nº 480
5380.0,R. da Independência (Centro/Bairro) nº 480
5383.0,Av. Profº. Ascendino Reis (Bairro/Centro) nº 603
5384.0,Av. Profº. Ascendino Reis (Bairro/Centro) nº 603
5385.0,Av. Lins de Vasconcelos (Vl. Mariana/Cambuci) nº 1.807
5386.0,Av. Lins de Vasconcelos (Vl. Mariana/Cambuci) nº 1.807
5387.0,Av. Indianópolis (Ibirapuera /Jabaquara) nº 2.626
5388.0,Av. Indianópolis (Ibirapuera /Jabaquara) nº 2.626
5389.0,Av. Indianópolis (Jabaquara /Ibirapuera) nº 2.645
5390.0,Av. Indianópolis (Jabaquara /Ibirapuera) nº 2.645
5391.0,Av. Paulista (Paraíso/ Consolação) nº 1.106
5392.0,Av. Paulista (Paraíso/ Consolação) nº 1.106
5393.0,Av. Paulista (Consolação /Paraíso) nº 807
5394.0,Av. Paulista (Consolação /Paraíso) nº 807
5395.0,Av. Lins de Vasconcelos (Vl. Mariana/Cambuci) nº 653
5396.0,Av. Lins de Vasconcelos (Vl. Mariana/Cambuci) nº 653
5397.0,Av. Lacerda Franco (Cambuci/Vl. Mariana) nº 1.680
5398.0,Av. Lacerda Franco (Cambuci/Vl. Mariana) nº 1.680
5399.0,Av. Brig. Faria Lima (Itaim/Pinheiros) nº 2.537
5400.0,Av. Brig. Faria Lima (Itaim/Pinheiros) nº 2.537
5401.0,Av. Moreira Guimarães (Aeroporto/Santana) Oposto nº 900
5402.0,Av. Moreira Guimarães (Aeroporto/Santana) Oposto nº 900
5403.0,R. Domingos de Morais (Bairro/Centro) nº 2.329
5404.0,R. Domingos de Morais (Bairro/Centro) nº 2.329
5405.0,R. Domingos de Morais (Centro/Bairro) nº 2.668
5406.0,R. Domingos de Morais (Centro/Bairro) nº 2.668
5407.0,R. Heitor Penteado (Centro/Bairro) nº 1.570
5408.0,R. Heitor Penteado (Centro/Bairro) nº 1.570
5409.0,R. Heitor Penteado (Bairro/Centro) nº 1.529
5410.0,R. Heitor Penteado (Bairro/Centro) nº 1.529
5411.0,R. Borges Lagoa (Ibirapuera/Vl. Mariana) nº 971
5412.0,R. Borges Lagoa (Ibirapuera/Vl. Mariana) nº 971
5413.0,R. da Consolação (Bairro/Centro) x Av. Paulista
5414.0,R. da Consolação (Bairro/Centro) x Av. Paulista
5415.0,Av. Antártica (Sumaré/Marg. Tietê) x Pça. Luiz Carlos Mesquita
5416.0,Av. do Cursino (Centro/Bairro) x R. Drº. Nestor Alberto de Macedo
5417.0,Av. General Olímpio da Silveira (Centro/Bairro) x R. Cons. Brotero
5419.0,Av. República do Libano (Bairro/Centro) nº 385
5420.0,Estr. das Lágrimas (Bairro/Centro) x R. Visc. de Magé
5421.0,R. Jeroaquara (Centro/Bairro) x R. Faustolo
5422.0,Av. Angélica (Higienóp/Barra Funda) x Al. Barros
5423.0,Av. Cidade Jardim (Centro/ Bairro) Oposto ao nº 993
5424.0,Av. Profº. Abraão de Morais (Imigrantes/Ipiranga) x R. Francisco Tapajós
5425.0,Av. Profº. Abraão de Morais (Ipiranga/Imigrantes) x R. General Chagas Santos
5426.0,R. Silva Bueno (Centro/Bairro) x R. Clemente Pereira
5427.0,Via Anchieta (São Paulo/Santos) x R. Riga
5428.0,Via Anchieta (Santos/São Paulo) nº 1.405
5429.0,R. Bom Pastor (Bairro/Centro) x R. dos Patriotas
5430.0,Av. Diógenes Ribeiro de Lima (Lapa/Pinheiros) x Av. São Gualter
5431.0,Av. Brig. Faria Lima (Itaim /Pinheiros) Oposto ao nº 1.134
5432.0,R. da Consolação (Centro/Bairro) x Av. Paulista
5433.0,R. da Consolação (Centro/Bairro) x Av. Paulista
5434.0,R. Pedro de Toledo (Vl.Clementino/Ibirapuera) x Av. Profº. Ascendino Reis
5435.0,R. Vergueiro (Centro / Bairro) x Av. Prof. Noé Azevedo
5436.0,R. Vergueiro (Centro / Bairro) x Av. Prof. Noé Azevedo
5437.0,Av. Dr. Ricardo Jafet (Imigrantes/Ipiranga) a menos 10 m da R. Saioá
5438.0,Av. Dr. Ricardo Jafet (Imigrantes/Ipiranga) a menos 10 m da R. Saioá
5439.0,Av. Vinte e Três de Maio (Santana/Aeroporto) a menos 100m do C.V. Ayrton Senna
5440.0,Av. Vinte e Três de Maio (Santana/Aeroporto) a menos 100m do C.V. Ayrton Senna
5441.0,Av. Vinte e Três de Maio (Aeroporto/Santana) a mais 100m do Acesso a R. Drº. Luis F. Sobrinho
5442.0,Av. Vinte e Três de Maio (Aeroporto/Santana) a mais 100m do Acesso a R. Drº. Luis F. Sobrinho
5443.0,Av. Vinte e Três de Maio (Aeroporto/Santana) a mais 100m do Acesso a R. Drº. Luis F. Sobrinho
5444.0,Av. Dr. Ricardo Jafet (Ipiranga/Imigrantes) a mais 27m da R. Mary Baida Salem
5445.0,Av. Vinte e Três de Maio (Santana/Aeroporto) a mais 183m da R. Asdrubal do Nascimento
5446.0,Av. Vinte e Três de Maio (Santana/Aeroporto) a mais 183m da R. Asdrubal do Nascimento
5447.0,R. Capivari (Pacaembu/Barra Funda) a mais 28m da R. Itaquera
5449.0,Av. Rubem Berta (Santana/Aeroporto) a mais 130m do km 6
5451.0,Pça. Dom Gastão Liberal Pinto (Bairro/Centro) nº 27
5452.0,Av. Pres. Juscelino Kubitschek (Ibirapuera/Marg. Pinheiros) x Av. Brig. Faria Lima
5455.0,Pça. Dom Gastão Liberal Pinto (Bairro/Centro) nº 27
5457.0,Av. Rubem Berta (Santana/Aeroporto) a mais 130m do km 6
5460.0,Av. Vinte e Três de Maio (Aeroporto/ Santana) a mais 134m do Acesso a R. Pedroso
5461.0,Av. Vinte e Três de Maio (Aeroporto/ Santana) a mais 134m do Acesso a R. Pedroso
5462.0,Av. Vinte e Três de Maio (Aeroporto/ Santana) a mais 134m do Acesso a R. Pedroso
5463.0,Av. Pedro Álvares Cabral (Centro/Bairro) a menos 80m do Viad. General Marcondes Salgado
5464.0,Al. Jauaperi (Bairro/Centro) nº 1.120
5465.0,R. Groenlândia (Pinheiros/Itaim) nº 1.564
5466.0,R. Sumidouro (Centro/Bairro) nº 250
5467.0,R. Carlos Vicari (Centro/Bairro) nº 154
5468.0,Av. Imperatriz Leopoldina (Bairro/Centro) nº 550
5470.0,Av. Sumaré (Pinheiros/Perdizes) nº 1.231
5471.0,Av. Sumaré (Perdizes/Pinheiros) nº 1.130
5472.0,Av. Brig. Luis Antonio (Centro/Bairro) Oposto ao nº 4.655
5473.0,Av. Brig. Luis Antonio (Centro/Bairro) Oposto ao nº 4.655
5474.0,Av. Brasil (Itaim/Pinheiros) a mais 28m da R. Engº. Alcides Barbosa
5475.0,Av. Brasil (Itaim/Pinheiros) a mais 28m da R. Engº. Alcides Barbosa
5476.0,Av. Brasil (Itaim/Pinheiros) a mais 28m da R. Engº. Alcides Barbosa
5477.0,R. Henrique Schaumann (Pinheiros/Jardins) nº 81
5478.0,R. Henrique Schaumann (Pinheiros/Jardins) nº 81
5479.0,R. Henrique Schaumann (Pinheiros/Jardins) nº 81
5480.0,R. Henrique Schaumann (Pinheiros/Jardins) nº 81
5481.0,Av. Profº. Abraão de Morais (Ipiranga/Jabaquara) a mais 9m da R. Palermo
5482.0,Av. Jabaquara (Centro/Bairro) nº 2046
5483.0,Av. Antartica (Marginal Tiete / Pinheiros) a mais 10 m do Viaduto Antartica
5485.0,"Av. Prof. Noé de Azevedo, a mais 20 m da Rua Dona Júlia Centro/Bairro"
5486.0,R. Domingos de Morais (Bairro/Centro) nº 2.329
5487.0,R. Domingos de Morais (Centro/Bairro) nº 2.668
5488.0,Av. Drº. Abraão Ribeiro (Centro/Bairro) x Av. Marques de São Vicente
5489.0,Av. Brig. Faria Lima (Itaim/Pinheiros) x Av. Pres. Juscelino Kubitschek
5490.0,Av. Profº. Abraão de Morais (Ipiranga/Imigrantes) x R. General Chagas Santos
5491.0,Av. Drº. Gastão Vidigal (Marg. Tiete/ Vl. Leopoldina) x R. Mergenthaler
5492.0,R. Pedro de Toledo (Vl.Clementino/Ibirapuera) x Av. Profº. Ascendino Reis
5493.0,R. Vergueiro (Centro / Bairro) x Av. Prof. Noé Azevedo
5494.0,R. Vergueiro (Centro / Bairro) x Av. Prof. Noé Azevedo
5495.0,Av. Angélica (Centro/Bairro) x R. Cel. José Eusébio
5496.0,R. Estados Unidos (Itaim/Pinheiros) x Av. Reboucas
5497.0,Av. Profº. Abraão de Morais (Jabaquara/Ipiranga) nº 37
5498.0,Av. Profº. Abraão de Morais (Jabaquara/Ipiranga) nº 37
5499.0,Av. Profº. Abraão de Morais (Ipiranga/Jabaquara) a mais 9m da R. Palermo
5500.0,Av. Profº. Abraão de Morais (Ipiranga/Jabaquara) a mais 9m da R. Palermo
5501.0,Av. Duque de Caxias (Centro/Bairro) n° 193
5504.0,Av. Moreira Guimarães (Santana Aeroporto) a mais 40m da Av. Divino Salvador
5505.0,Av. Moreira Guimarães (Santana Aeroporto) a mais 40m da Av. Divino Salvador
5506.0,"Av. Moreira Guimarães (Santana/Aeroporto) Pista Expressa, nº 398"
5507.0,Vel. Pres. João Goulart (Penha/Lapa) a menos 200m da R. Mj. Sertório
5508.0,Vel. Pres. João Goulart (Penha/Lapa) a menos 200m da R. Mj. Sertório
5509.0,Av. Dr. Gastão Vidigal (Pinheiros/Vila Leopoldina) nº 2571
5510.0,Rua Butantã (Bairro/Centro) nº 370
5511.0,Av. Queiroz Filho (Centro/Bairro) nº 1700
5512.0,Av. Queiroz Filho (Bairro/Centro) oposto ao nº 1700
5513.0,Av. Brigadeiro Luís Antônio X Av. Paulista Centro/Bairro
5515.0,"Rua Tamandaré, oposto nº 849 Centro/Bairro"
5516.0,Rua Guaicurus (Centro/Bairro) nº 175
5517.0,Av. Nicolas Boer (Pompéia/Marginal Tietê) nº 66
5519.0,Av. Helio Pellegrino (Centro/Bairro) a menos 60m da Rua Clodomiro Amazonas
5521.0,"Av. Brasil, nº 131 Pinheiros/Ibiparuera"
5522.0,"Rua Manuel da Nóbrega, nº 1920 Centro/Bairro"
5523.0,"Rua Manuel da Nóbrega, oposto ao nº1920 Bairro/Centro"
5524.0,"Av. Jabaquara, nº 1203 Bairro/Centro"
5525.0,"Av. Jabaquara, nº 1150 Centro/Bairro"
5526.0,"Av. República do Lìbano, a menos 52 m da Av. IV Centenário Centro/Bairro"
5527.0,"Av. Indianópolis, nº 68 Ibirapuera/Jabaquara"
5535.0,"Rua Amaral Gurgel, nº 58 Santa Cecília/Consolação"
5536.0,Rua Heitor Penteado (Bairro/Centro) a mais 25m da Rua Cristiano Viana
5538.0,Rua Guaipa (Bairro/Centro) nº 509
5539.0,Rua Guaipa (Centro/Bairro) oposto nº 509
5541.0,"Rua Desembargador Paulo Passaláqua, a mais 30 m da Praça Helena S. Salto Perdizes/Jardim Paulista"
5545.0,
5549.0,"Av. Jabaquara, nº 1203 Bairro/Centro"
5550.0,"Av. Jabaquara, nº 1150 Centro/Bairro"
6601.0,R. João Amado Coutinho (Brasilândia/Jaraguá - Jaraguá/Brasilândia) nº 883 - nº 884
6602.0,R. João Amado Coutinho (Brasilândia/Jaraguá - Jaraguá/Brasilândia) nº 883 - nº 884
6605.0,R. Manuel Gaya (Tremembé/Jaçanã - Jaçanã/Tremembé) nº 761 - Oposto nº 761
6606.0,R. Manuel Gaya (Tremembé/Jaçanã - Jaçanã/Tremembé) nº 761 - Oposto nº 761
6607.0,R. Cônego Manuel Vaz (Centro/Bairro) nº 412
6608.0,Av. Gal. Edgar Facó (Centro/Bairro) nº. 676
6609.0,Av. Gal. Edgar Facó (Centro/Bairro) nº. 676
6625.0,Av. Condessa Elisabeth de Robiano (Castelo Branco/Ayrton Senna) nº. 5.120
6626.0,"Marg. Tietê, Pista Expressa (Castelo Branco/Ayrton Senna) a menos 160m do km 22"
6628.0,Av. Dep. Cantí­dio Sampaio (Bairro/Centro) nº 2.145
6629.0,Av. Clavásio Alves da Silva (Bairro/Centro - Centro/Bairro) nº 164 - Oposto nº 164
6630.0,Av. Clavásio Alves da Silva (Bairro/Centro - Centro/Bairro) nº 164 - Oposto nº 164
6633.0,R. Cons. Moreira de Barros (Santana/ Mandaqui - Mandaqui/Santana) nº 2.832 - Oposto nº 2.832
6634.0,R. Cons. Moreira de Barros (Santana/ Mandaqui - Mandaqui/Santana) nº 2.832 - Oposto nº 2.832
6635.0,Av. Dep. Cantí­dio Sampaio (Bairro/Centro) R. José Eduardo Pereira II
6636.0,R. Cel. José Rufino Freire (Centro/Bairro - Bairro/Centro) nº 252 - nº 261
6637.0,R. Cel. José Rufino Freire (Centro/Bairro - Bairro/Centro) nº 252 - nº 261
6638.0,Av. Cândido Portinari (Centro/Bairro - Bairro/Centro) nº 402 - Oposto nº 402
6639.0,Av. Cândido Portinari (Centro/Bairro - Bairro/Centro) nº 402 - Oposto nº 402
6640.0,Av. Morvan Dias de Figueiredo (Ayrton Senna/Castelo Branco) a menos 36m R. Drº. Vidal Reis
6641.0,Av. Peri Ronchetti (Cachoeirinha/Horto - Horto/Cachoeirinha) nº 475 - Oposto nº 475
6642.0,Av. Peri Ronchetti (Cachoeirinha/Horto - Horto/Cachoeirinha) nº 475 - Oposto nº 475
6643.0,Av. Raimundo Pereira de Magalhães (Caieiras/Perus - Perus/Caieiras) nº 17.992 - Oposto nº 17.992
6644.0,Av. Raimundo Pereira de Magalhães (Caieiras/Perus - Perus/Caieiras) nº 17.992 - Oposto nº 17.992
6645.0,Av. Raimundo Pereira de Magalhães (Bairro/Centro - Centro/Bairro) R. Pedro Marigliani
6646.0,Av. Raimundo Pereira de Magalhães (Bairro/Centro - Centro/Bairro) R. Pedro Marigliani
6647.0,Av. Parada Pinto (Bairro/Centro - Centro/Bairro) a mais 5m da R. Casa Ilha da Madeira - a menos 5m da R. Casa Ilha da Madeira
6648.0,Av. Parada Pinto (Bairro/Centro - Centro/Bairro) a mais 5m da R. Casa Ilha da Madeira - a menos 5m da R. Casa Ilha da Madeira
6649.0,R. Voluntários da Pátria (Mandaqui/Santana - Santana/Mandaqui) nº 4.747 - Oposto nº 4.747
6650.0,R. Voluntários da Pátria (Mandaqui/Santana - Santana/Mandaqui) nº 4.747 - Oposto nº 4.747
6651.0,Av. Leôncio de Magalhães (Agua Fria/Carandiru - Carandiru/Água Fria) nº 337 - Oposto nº 337
6652.0,Av. Leôncio de Magalhães (Agua Fria/Carandiru - Carandiru/Água Fria) nº 337 - Oposto nº 337
6653.0,R. Cel.l Marcí­lio Franco (Bairro/Centro - Centro/Bairro) nº 305 - Oposto nº 305
6654.0,R. Cel.l Marcí­lio Franco (Bairro/Centro - Centro/Bairro) nº 305 - Oposto nº 305
6655.0,Av. Coronel Sezefredo Fagundes (Bairro/Centro - Centro/Bairro) R. Bonita
6656.0,Av. Coronel Sezefredo Fagundes (Bairro/Centro - Centro/Bairro) R. Bonita
6657.0,Av. Conceição (Bairro/Centro) nº 493
6658.0,Av. Engº. Caetano Alvares (Centro/Bairro) nº. 1.358
6659.0,Av. Engº. Caetano Alvares (Centro/Bairro) nº. 1.358
6661.0,"Marg. Tietê, Pista Expressa (Ayrton Senna/Castelo Branco) a mais 93m Km 21"
6662.0,Av. Nova Cantareira (Centro/Bairro) a menos 12m R. Cônego Arnaldo Caiaffa
6664.0,Av. Olavo Fontoura (Santana/Marginal) nº. 1.800
6665.0,Av. Bráz Leme (Marginal/Santana) oposto nº. 1.315
6666.0,Av. Bráz Leme (Santana/Marginal) nº. 1.315
6667.0,Av. Engº. Caetano Alvares (Bairro/Centro) nº. 4.339
6668.0,"Marg. Tietê, Pista Expressa (C. Branco /A. Senna) a menos 40m km 20"
6670.0,"AVENIDA ASSIS CHATEAUBRIAND (A. SENNA/C. BRANCO), ALCA DA PONTE DAS BANDEIRAS"
6671.0,"Marg. Tietê, Pista Expressa (Castelo Branco/Ayrton Senna) a menos 206m Ponte Freguesia do Ó"
6673.0,"Marg. Tietê, Pista Expressa (Castelo Branco/Ayrton Senna) a menos 55m Ponte do Limão"
6675.0,Av. Santa Inês (Centro/Bairro) nº. 3.200
6676.0,Av. Santa Inês (Bairro/Centro) Oposto nº. 3.200
6677.0,Av. Mutinga (Pirituba/Anhanguera) nº 1.406
6678.0,Av. Mutinga (Anhanguera/Pirituba) nº 1.425
6679.0,Av. Guilherme Cotching (Centro/Bairro) nº. 1.238
6680.0,Av. Pres. Castelo Branco (Castelo Branco/Ayrton Senna) a mais 255m Ponte da Casa Verde
6681.0,"Marg. Tietê, Pista Expressa (Ayrton Senna/Castelo Branco) a menos 290m Ponte Julio de Mesquita Neto"
6683.0,Av. Otaviano Alves de Lima (Ayrton Senna/Castelo Branco) a mais 290m Ponte Julio de Mesquita Neto
6684.0,Av. Guilherme Cotching (Centro/Bairro) nº. 1.238
6685.0,Av. Morvan Dias de Figueiredo (Ayrton Senna/Castelo Branco) a mais 3m da R. Amazonas da Silva
6686.0,Av. Mariana Caligiori Ronchetti (Centro/Bairro) nº. 202A
6687.0,Av. Mariana Caligiori Ronchetti (Bairro/Centro) a menos 20m nº. 237
6689.0,Av Luiz Dumont Villares (Bairro/Centro) R. Viri
6690.0,Av Luiz Dumont Villares (Centro/Bairro) R. Viri
6691.0,Av. Engº. Caetano Álvares (Bairro/Centro) R. Baia Formosa
6692.0,Av. Conceição (Centro/Bairro) R. Reverendo Israel Vieira Ferreira
6694.0,Av. Raimundo Pereira de Magalhães (Perus / Pirituba) nº. 10.535
6695.0,Av. Raimundo Pereira de Magalhães (Pirituba/Perus) nº. 10.622
6696.0,Av. Engº. Caetano Álvares (Bairro/Centro) R. Baia Formosa
6697.0,Av. General Ataliba Leonel (Centro/Bairro - Bairro/Centro) nº 3.918 - Oposto nº 3.918
6698.0,Av. General Ataliba Leonel (Centro/Bairro - Bairro/Centro) nº 3.918 - Oposto nº 3.918
6699.0,Av. das Cerejeiras (Bairro/Centro - Centro/Bairro) a menos 15m R. Yoritomo - a menos 45m do nº 790
6700.0,Av. das Cerejeiras (Bairro/Centro - Centro/Bairro) a menos 15m R. Yoritomo - a menos 45m do nº 790
6701.0,Av. Gustavo Adolfo (Tucuruvi/Jd. Brasil - Jd. Brasil/Tucuruvi) nº 686 - Oposto nº 686
6702.0,Av. Gustavo Adolfo (Tucuruvi/Jd. Brasil - Jd. Brasil/Tucuruvi) nº 686 - Oposto nº 686
6703.0,Av. Jardim Japão (Jd. Brasil/VI. Nivi - VI Nivi/Jd. Brasil) nº 770 - Oposto nº 770
6704.0,Av. Jardim Japão (Jd. Brasil/VI. Nivi - VI Nivi/Jd. Brasil) nº 770 - Oposto nº 770
6705.0,R. Maria Amá¡lia Lopes de Azevedo (J. Guapira/Tremembé - Tremembé/J. Guapira) nº 2.689 - Oposto nº 2.689
6706.0,R. Maria Amá¡lia Lopes de Azevedo (J. Guapira/Tremembé - Tremembé/J. Guapira) nº 2.689 - Oposto nº 2.689
6707.0,Av. Edu Chaves (Jaçanã/Edu Chaves - Edu Chaves/Jaçanã) nº 1.553 - Oposto nº 1.553
6708.0,Av. Edu Chaves (Jaçanã/Edu Chaves - Edu Chaves/Jaçanã) nº 1.553 - Oposto nº 1.553
6709.0,Av. Joaquina Ramalho (Centro/Bairro - Bairro/Centro) nº 570 - nº 631
6710.0,Av. Joaquina Ramalho (Centro/Bairro - Bairro/Centro) nº 570 - nº 631
6711.0,Av. Joaquina Ramalho (Centro/Bairro - Bairro/Centro) nº 1.500 - nº 1.511
6712.0,Av. Joaquina Ramalho (Centro/Bairro - Bairro/Centro) nº 1.500 - nº 1.511
6713.0,Av. Raimundo Pereira de Magalhães (Bairro/Centro - Centro/Bairro) nº 11.773 - nº 11.790
6714.0,Av. Raimundo Pereira de Magalhães (Bairro/Centro - Centro/Bairro) nº 11.773 - nº 11.790
6715.0,R. Dr. Zuquim (Centro/Bairro) nº 1.340
6716.0,Av. Ede (Centro/Bairro - Bairro/Centro) nº 634 - nº 651
6717.0,Av. Ede (Centro/Bairro - Bairro/Centro) nº 634 - nº 651
6718.0,Av. Guapira (Centro/Bairro - Bairro/Centro) nº 1.386 - Oposto nº 1.394
6719.0,Av. Guapira (Centro/Bairro - Bairro/Centro) nº 1.386 - Oposto nº 1.394
6720.0,"R. Mére Amedéa (Marginal Tietê, /Vl Maria - Vl Maria/Marginal Tietê) nº 476 - Oposto nº 476"
6721.0,"R. Mére Amedéa (Marginal Tietê, /Vl Maria - Vl Maria/Marginal Tietê) nº 476 - Oposto nº 476"
6722.0,Av. Nova Cantareira (Tremembé/Água Fria - Água Fria/Tremembé) nº 3.541 - Oposto nº 3.541
6723.0,Av. Nova Cantareira (Tremembé/Água Fria - Água Fria/Tremembé) nº 3.541 - Oposto nº 3.541
6724.0,Av. Nova Cantareira (Á?gua Fria/Tucuruvi - Tucuruvi/Á?gua Fria) nº 2.511 - nº 2.534
6725.0,Av. Nova Cantareira (Á?gua Fria/Tucuruvi - Tucuruvi/Á?gua Fria) nº 2.511 - nº 2.534
6726.0,R. Padre Sabóia de Medeiros (Jardim Japão/ Vl Maria - Vl Maria/ Jardim Japão) nº 299 - nº 304
6727.0,R. Padre Sabóia de Medeiros (Jardim Japão/ Vl Maria - Vl Maria/ Jardim Japão) nº 299 - nº 304
6728.0,Av. Dr. Antonio Maria de Laet (Bairro/Centro - Centro/Bairro) A mais 30m da R. São Nestor - A menos 30m da R. São Nestor
6729.0,Av. Dr. Antonio Maria de Laet (Bairro/Centro - Centro/Bairro) A mais 30m da R. São Nestor - A menos 30m da R. São Nestor
6730.0,Av. Dep. Emilio Carlos (Bairro/Centro - Centro/Bairro) nº 2.113 - nº 2.224
6731.0,Av. Dep. Emilio Carlos (Bairro/Centro - Centro/Bairro) nº 2.113 - nº 2.224
6732.0,Av. Imirim (Bairro/Centro - Centro/Bairro) nº 3.749 - nº 3.764
6734.0,Av. Água Fria (Bairro/Centro - Centro/Bairro) nº 1.355 - nº 1.356
6735.0,Av. Água Fria (Bairro/Centro - Centro/Bairro) nº 1.355 - nº 1.356
6736.0,R. Drº. César (Bairro/Centro) a menos 12m. da R. Capitão Manuel Novais
6738.0,Estr. de Perus (Anhanguera / Perus) a menos 20m nº. 1.600
6740.0,Av. Embaixador Macedo Soares (C.Branco / A. Senna) a menos 1m da R. Botocudos
6741.0,R. Inácio Luis da Costa (Centro/ Bairro) nº. 1.098
6742.0,"Marg. Tietê, Pista Expressa (Castelo Branco/Ayrton Senna) a menos 167m da Ponte Presidente Jânio Quadros"
6744.0,"Marg. Tietê, Pista Central (Castelo Branco/Ayrton Senna) a menos 167m da Ponte Presidente Janio Quadros"
6747.0,"Marg. Tietê, Pista Central (Ayrton Senna/Castelo Branco) a menos 75m da Ponte Janio Quadros"
6748.0,Rod. Presidente Dutra (Ayrton Senna/Castelo Branco) a menos 75m da Ponte Janio Quadros
6749.0,Av. Assis Chateaubriand (Ayrton Senna/Castelo Branco) nº. 1.447
6750.0,Av. Mutinga (Pirituba/Anhanguera) nº. 2.962
6751.0,R. Afonso Lopes Vieira (Centro/Bairro) nº. 458
6752.0,R. Afonso Lopes Vieira (Bairro/Centro) nº. 457
6753.0,"Marg. Tietê, Pista Expressa (Castelo Branco/Ayrton Senna) a menos 31m Ponte Vila Guilherme"
6755.0,"Marg. Tietê, Pista Expressa (Ayrton Senna/Castelo Branco) a mais 101 m do Km 6,5"
6757.0,Av. Inajar de Souza (Bairro/Centro) a mais 60m da R Simão de Toledo Castelhanos
6758.0,Av. Inajar de Souza (Centro/Bairro) a mais 74m da R Inácio Leitão
6759.0,Av. Olavo Fontoura (Marginal/Santana) oposto nº. 1.400
6760.0,Av. Engº. Caetano Alvares (Centro/Bairro) nº. 4.358
6761.0,Av. Raimundo Pereira de Magalhães (Centro/Bairro) nº. 5.374
6762.0,Av. Raimundo Pereira de Magalhães (Bairro/Centro) nº. 5.435
6763.0,"Marg. Tietê, Pista Central (Ayrton Senna/Castelo Branco) km12"
6764.0,Av. Mutinga (Anhaguera/Pirituba) R. William Furneau
6765.0,Av. Mutinga (Pirituba/Anhaguera) R. William Furneau
6771.0,Av. Educ. Paulo Freire (Penha/Fernão Dias) nº  1.100
6772.0,Av. Educ. Paulo Freire (Fernão Dias/Penha) nº  191
6774.0,"Marg. Tietê, Pista Expressa (Ayrton Senna/Castelo Branco) a menos 133m Km 15"
6775.0,"Marg. Tietê, Pista Central (Ayrton Senna/Castelo Branco) a menos 133m Km 15"
6786.0,Av. Morvan Dias de Figueiredo (Ayrton Senna/Castelo Branco) a mais 3m da R. Amazonas da Silva
6788.0,"Marg. Tietê, Pista Expressa (Ayrton Senna/Castelo Branco) a mais 93m Km 21"
6789.0,Av. Morvan Dias de Figueiredo (Ayrton Senna/Castelo Branco) a menos 36m R. Drº. Vidal Reis
6791.0,"Marg. Tietê, Pista Expressa (Castelo Branco/Ayrton Senna) a menos 160m do km 22"
6792.0,Av. Condessa Elisabeth de Robiano (Castelo Branco/Ayrton Senna) nº. 5.120
6793.0,Av Luiz Dumont Villares (Centro/Bairro) R. Viri
6794.0,Av Luiz Dumont Villares (Bairro/Centro) R. Viri
6795.0,Av. Educ. Paulo Freire (Fernão Dias/Penha) nº  191
6796.0,"Marg. Tietê, Pista Expressa (Castelo Branco/Ayrton Senna) a menos 167m da Ponte Presidente Jânio Quadros"
6798.0,"Marg. Tietê, Pista Central (Castelo Branco/Ayrton Senna) a menos 167m da Ponte Presidente Janio Quadros"
6799.0,Av. Assis Chateaubriand (Ayrton Senna/Castelo Branco) nº. 1.447
6800.0,Av. Cruzeiro do Sul (Bairro/Centro) R. Leite de Morais
6801.0,Av. Cruzeiro do Sul (Bairro/Centro) R. Leite de Morais
6802.0,Av. Conceição (Bairro/Centro) R. Reverendo Israel Vieira Ferreira
6803.0,R. Inácio Luis da Costa (Centro/Bairro) R. Brigadeiro Henrique Fontenelle
6804.0,Av. Engº. Caetano Álvares (Bairro/Centro) R. Cônego Araujo Marcondes
6806.0,"Marg. Tietê, Pista Expressa (Ayrton Senna/Castelo Branco) a menos 133m Km 15"
6807.0,"Marg. Tietê, Pista Central (Ayrton Senna/Castelo Branco) a mais de 247m do km 10,5"
6808.0,"Marg. Tietê, Pista Central (Ayrton Senna/Castelo Branco) a mais de 247m do km 10,5"
6809.0,Av. Cruzeiro do Sul (Centro/Bairro) nº 1.800
6810.0,Av. Cruzeiro do Sul (Centro/Bairro) nº 1.800
6811.0,Av. Cruzeiro do Sul (Bairro/Centro) nº 1.803
6812.0,Av. Cruzeiro do Sul (Bairro/Centro) nº 1.803
6817.0,Av. Imirim (Santana/Vl. Nova Cachoeirinha) R. Clara Camarão
6818.0,Av. Imirim (Bairro/Centro) R. Clara Camarão
6819.0,Av. Raimundo Pereira de Magalhães (Bairro/Centro) nº 2.001
6820.0,Av. Raimundo Pereira de Magalhães (Centro/Bairro) nº. 1.652
6821.0,Av. Zumkeller (Santana/Horto) Av. Direitos Humanos
6822.0,Av. Zumkeller (Horto/ Santana) Av. Direitos Humanos
6823.0,R. Voluntários da Pátria (Bairro/Centro) nº. 2.490
6824.0,R. Voluntários da Pátria (Bairro/Centro) nº. 2.490
6825.0,R. Domingos Torres (Centro/Bairro) R. Tangerinas
6826.0,Praça Luis Neri (Caieiras/Anhanguera) R. Antônio Maia
6827.0,Av. Dr. Silvio de Campos (Anhanguera/Caieiras) a mais 6m do nº 193
6828.0,Av. Bráz Leme (Bairro/Centro) R. Comendador Joaquim Monteiro
6829.0,Av. Zaki Narchi (Centro/Bairro) nº 1.250
6830.0,Av. Zaki Narchi (Bairro/Centro) a menos 34m nº 1.207
6831.0,R. Curuça (Vila Guilherme/ Dutra) R. Amambai
6832.0,Av. Nadir Dias de Figueredo (Marginal Tietê/ Vila Guilherme) R. Profª. Maria José B. Fernandes
6833.0,Av. Nadir Dias de Figueredo (Vila Guilherme/ Dutra) R. São Quirino
6834.0,Av. Inajar de Souza (Centro/Bairro) Saída da Av Dep Emilio Carlos
6835.0,Av. Inajar de Souza (Centro/Bairro) Saída da Av Dep Emilio Carlos
6836.0,Estr. Turí­stica do Jaraguá (Anhanguera/ Jaraguá) nº. 2.340
6837.0,Estr. Turí­stica do Jaraguá (Jaraguá/ Anhanguera) a menos 28 nº. 2.365
6838.0,"Marg. Tietê, Pista Central (Castelo Branco/Ayrton Senna) a mais 200m da Ponte Julio de Mesquita neto"
6839.0,"Marg. Tietê, Pista Central (Castelo Branco/Ayrton Senna) a mais 200m da Ponte Julio de Mesquita neto"
6840.0,Av. Pres. Castelo Branco (Castelo Branco/Ayrton Senna) a mais 200 m da Ponte Julio de Mesquita neto
6841.0,"Marg. Tietê, Pista Expressa (Ayrton Senna/Castelo Branco) a mais 247m KM 10,5"
6843.0,"Marg. Tietê, Pista Expressa (Ayrton Senna/Castelo Branco) a mais 247m KM 10,5"
6845.0,Av. Otaviano Alves de Lima (Ayrton Senna/Castelo Branco) altura da Praça Profº. Cesarino Junior
6846.0,Av. Otaviano Alves de Lima (Ayrton Senna/Castelo Branco) altura da Praça Profº. Cesarino Junior
6847.0,"Marg. Tietê, Pista Central (Ayrton Senna/Castelo Branco) a mais 101m do KM 6,5"
6848.0,Av. Otaviano Alves de Lima (Ayrton Senna/Castelo Branco) a mais 32m R. Leo Ribeiro de Moraes
6849.0,Av. Otaviano Alves de Lima (Ayrton Senna/Castelo Branco) a mais 32m R. Leo Ribeiro de Moraes
6850.0,"Marg. Tietê, Pista Central (Castelo Branco/Ayrton Senna) a menos 206m Ponte Freguesia do Ó"
6851.0,"Marg. Tietê, Pista Central (Castelo Branco/Ayrton Senna) a menos 206m Ponte Freguesia do Ó"
6852.0,"ESTRADA TURISTICA DO JARAGUA (ANHANG/JARAG), A MENOS 53M DA R COM JOSE DE MATOS"
6853.0,Estr. Turí­stica do Jaraguá (Jaraguá/ Anhanguera) a mais 30m R. Comendador José de Matos
6854.0,Av. Inajar de Souza (Centro/Bairro) Numero 736
6855.0,Av. Inajar de Souza (Centro/Bairro) Numero 736
6856.0,Av. Inajar de Souza (Bairro/Centro) A mais 21m numero 765
6857.0,Av. Inajar de Souza (Bairro/Centro) A mais 21m numero 765
6859.0,Av. Paula Ferreira (Centro/Bairro) nº. 2.642
6860.0,Av. Paula Ferreira (Bairro/Centro) nº. 1.039
6861.0,Av. Gal. Edgar Facó (Centro/Bairro) nº. 1.754
6862.0,Av. Gal. Edgar Facó (Centro/Bairro) nº. 1.754
6863.0,Av. Gal. Edgar Facó (Bairro/Centro) nº. 1.189
6864.0,Av. Gal. Edgar Facó (Bairro/Centro) nº. 1.189
6865.0,Av. Fuad Lutfalla (Centro/Bairro) oposto ao nº. 1.191
6866.0,Av. Fuad Lutfalla (Bairro/Centro) nº. 1.191
6867.0,Av. Raimundo Pereira de Magalhães (Pirituba/Perus) a menos 154m alça de acesso Rodoanel
6868.0,Av. Luiz Dumont Villares (Bairro/Centro) a mais 39m Av. Marechal Eurico Gaspar Dutra
6869.0,Av. Luiz Dumont Villares (Bairro/Centro) a mais 39m Av. Marechal Eurico Gaspar Dutra
6870.0,Av. Luiz Dumont Villares (Bairro/Centro) a menos 35m da R. Ariosto César
6871.0,Av. Luiz Dumont Villares (Bairro/Centro) a menos 35m da R. Ariosto César
6874.0,Av. Luiz Dumont Villares (Bairro/Centro) a menos 35m da R. Francisco Lipi
6875.0,Av. Luiz Dumont Villares (Bairro/Centro) a menos 35m da R. Francisco Lipi
6876.0,Av. Gal. Ataliba Leonel (Centro/Bairro) nº. 768
6877.0,Av. Gal. Ataliba Leonel (Centro/Bairro) nº. 768
6878.0,Av. Gal. Ataliba Leonel (Bairro/Centro) nº. 1.089
6879.0,Av. Gal. Ataliba Leonel (Bairro/Centro) nº. 1.089
6882.0,Av. Guilherme Cotching (Bairro/Centro) nº. 1.303
6883.0,Av. Guilherme Cotching (Bairro/Centro) nº. 1.303
6886.0,R. Alfredo Pujol (Santana/Casa Verde) nº. 316
6887.0,R. Alfredo Pujol (Santana/Casa Verde) nº. 316
6888.0,R. Zanzibar (Bairro/Centro) nº. 125
6889.0,R. Zanzibar (Bairro/Centro) nº. 125
6890.0,Av. Inajar de Souza (Bairro/Centro) A menos 61m  R Morato de Oliveira
6891.0,Av. Inajar de Souza (Bairro/Centro) A menos 61m  R Morato de Oliveira
6892.0,Av. Bráz Leme (Marginal/ Santana) oposto ao nº. 2.947
6893.0,"Marg. Tietê, Pista Expressa (C. Branco /A. Senna) a menos 40m km 20"
6895.0,Av. Pres. Castelo Branco (Castelo Branco/Ayrton Senna) a mais 255m Ponte da Casa Verde
6896.0,Av. Otaviano Alves de Lima (Ayrton Senna/Castelo Branco) a mais 290m Ponte Julio de Mesquita Neto
6897.0,Av. Embaixador Macedo Soares (C.Branco / A. Senna) a menos 1m da R. Botocudos
6901.0,Rod. Presidente Dutra (Ayrton Senna/Castelo Branco) a menos 75m da Ponte Janio Quadros
6902.0,Av. Inajar de Souza (Bairro/Centro) a mais 60m da R Simão de Toledo Castelhanos
6903.0,Av. Inajar de Souza (Centro/Bairro) a mais 74m da R Inácio Leitão
6904.0,"Marg. Tietê, Pista Central (Ayrton Senna/Castelo Branco) km12"
6906.0,"Marg. Tietê, Pista Expressa (Castelo Branco/Ayrton Senna) a menos 206m Ponte Freguesia do Ó"
6907.0,"Marg. Tietê, Pista Expressa (Castelo Branco/Ayrton Senna) a menos 31m Ponte Vila Guilherme"
6909.0,"Marg. Tietê, Pista Expressa (Ayrton Senna/Castelo Branco) a mais 101 m do Km 6,5"
6911.0,"Marg. Tietê, Pista Expressa (Castelo Branco/Ayrton Senna) a menos 55m Ponte do Limão"
6913.0,"Marg. Tietê, Pista Expressa (Ayrton Senna/Castelo Branco) a menos 290m Ponte Julio de Mesquita Neto"
6931.0,"Marginal Tietê , Pista Expressa (Castelo Branco/Ayrton Senna) a mais 218m Km 11,5"
6935.0,"Marginal Tietê , Pista Expressa (Ayrton Senna/Castelo Branco) Km 12"
6938.0,"Marginal Tietê , Pista Expressa (Ayrton Senna/Castelo Branco) a mais 223m do Km 3,5"
6941.0,"Marginal Tietê , Pista Expressa (Ayrton Senna/Castelo Branco) a menos 67m Km2"
6942.0,Av. Embaixador Macedo Soares (Castelo Branco/Ayrton Senna) nº. 8.000
6944.0,"Marginal Tietê , Pista Expressa (Castelo Branco/Ayrton Senna) a mais 240m do Km 1,5"
6946.0,"Marginal Tietê , Pista Expressa (Castelo Branco/Ayrton Senna) a menos 134m da Ponte do Piqueri"
6948.0,"Marginal Tietê , Pista Expressa (Castelo Branco/Ayrton Senna) a mais 218m Km 11,5"
6955.0,Av Raimundo Pereira de Magalhães (C/B) x Av Deputado Cantidio Sampaio
6956.0,Av. Ultramarino (Santana/Mandarqui - Mandaqui/Santana) nº 694 - Oposto nº 694
6957.0,Av. Ultramarino (Santana/Mandarqui - Mandaqui/Santana) nº 694 - Oposto nº 694
6959.0,"Marginal Tietê , Pista Expressa (Ayrton Senna/Castelo Branco) a mais 223m do Km 3,5"
6960.0,Av. Marg. Direita do Tietê (Ayrton Senna/Castelo Branco) nº. 536
6961.0,Av. Educ. Paulo Freire (Penha/Fernão Dias) nº  1.100
6962.0,Av. Nadir Dias de Figueredo (Marginal Tietê/ Vila Guilherme) R. Profª. Maria José B. Fernandes
6963.0,Av. Nadir Dias de Figueredo (Vila Guilherme/ Dutra) R. São Quirino
6964.0,R. Inácio Luis da Costa (Centro/Bairro) R. Brigadeiro Henrique Fontenelle
6965.0,Av. Engº. Caetano Álvares (Bairro/Centro) R. Cônego Araujo Marcondes
6966.0,Av. Bráz Leme (Bairro/Centro) R. Comendador Joaquim Monteiro
6967.0,Av. Zaki Narchi (Centro/Bairro) nº 1.250
6968.0,Av. Zaki Narchi (Bairro/Centro) a menos 34m nº 1.207
6969.0,R. Curuça (Vila Guilherme/ Dutra) R. Amambai
6970.0,Av. Luiz Dumont Villares (Bairro/Centro) a menos 62m da Rua Sargento Mor Ramalho
6971.0,Av. Luiz Dumont Villares (Bairro/Centro) a menos 62m da Rua Sargento Mor Ramalho
6972.0,Av. Pres. Castelo Branco (Castelo Branco/Ayrton Senna) A menos 55m AV Ariston Azevedo
6973.0,R. Alfredo Pujol (Casa Verde/Santana) nº. 383
6974.0,R. Alfredo Pujol (Casa Verde/Santana) nº. 383
6975.0,R. Drº. Zuquim (Centro/Bairro) R. Drº. Olavo Egídio
6976.0,R. Drº. Zuquim (Centro/Bairro) R. Drº. Olavo Egídio
6977.0,"Marg. Tietê, Pista Central (Ayrton Senna/Castelo Branco) a menos 28m Ponte das Bandeiras"
6978.0,"Marg. Tietê, Pista Central (Ayrton Senna/Castelo Branco) a menos 28m Ponte das Bandeiras"
6980.0,Av. Conceição (Centro/Bairro - Bairro/Centro) nº 1539 - Oposto nº 1539
6981.0,Av. Conceição (Centro/Bairro - Bairro/Centro) nº 1539 - Oposto nº 1539
6982.0,Av Condessa Elisabeth de Robiano (Castelo Branco/Ayrton Senna) A Menos 60m Numero 320
6983.0,Av Condessa Elisabeth de Robiano (Castelo Branco/Ayrton Senna) A Menos 60m Numero 320
6984.0,"Marg. Tietê, Pista Expressa (Ayrton Senna/ Castelo Branco) A Menos 161m da Pte Presidente Janio Quadros"
6986.0,"Marg. Tietê, Pista Expressa (Ayrton Senna/ Castelo Branco) A Menos 161m da Pte Presidente Janio Quadros"
6988.0,Av Deputado Emilio Carlos (Centro/Bairro) a mais 18m R Edson Andrade Silva
6989.0,Av Deputado Emilio Carlos (Bairro/Centro) a menos 17m R Edson Andrade Silva
7087.0,Av. Inajar de Souza (Bairro/Centro) A menos 61m  R Morato de Oliveira
7088.0,Av. Engenheiro Caetano Alvares (Centro/Bairro) nº 3142
7090.0,Av Raimundo Pereira de Magalhães (C/B) x Av Deputado Cantidio Sampaio
7091.0,
7092.0,
7108.0,"Av. Marginal Direita do Tietê, nº 536 Ayrton Senna/ Castelo Branco"
7111.0,"Av. Embaixador Macedo Soares, nº 8000 Castelo Branco/Ayrton Senna"
7130.0,"Marginal Tietê - Pista Central, a mais 35 m do km 5 Ayrton Senna/Castelo Branco"
7131.0,"Marginal Tietê - Pista Central, a mais 240 m do km 1,5 Castelo Branco/Ayrton Senna"
7137.0,"Marginal Tietê - Pista Central , a mais 10 m da Ponte Governador Orestes Quércia Castelo Branco/Ayrton Senna"
7161.0,"Av. Marginal Direita do Tietê, nº 536 Ayrton Senna/ Castelo Branco"
7162.0,"Marginal Tietê - Pista Central , a mais 10 m da Ponte Governador Orestes Quércia Castelo Branco/Ayrton Senna"
7164.0,Rua Maria Cândida (Bairro/Centro) nº 542
7166.0,"Av. Embaixador Macedo Soares, nº 10001 Castelo Branco/Ayrton Senna"
7168.0,"Av. Embaixador Macedo Soares, nº 10001 Castelo Branco/Ayrton Senna"
7170.0,"Av. Embaixador Macedo Soares, nº 10001 Castelo Branco/Ayrton Senna"
7171.0,Rua José Debieux (Bairro/Centro) nº 282
7172.0,Av. Assis Chateaubriand (Ayrton Senna/Castelo Branco) acesso Alça Ponte das Bandeiras
7173.0,Av. Morvan Dias de Figueiredo (Ayrton Senna/Castelo Branco) a mais 78m da R. Amazonas da Silva
7176.0,"Marginal Tietê - Pista Expressa, a mais 200 m Ponte Júlio de Mesquita Neto Castelo Branco/Ayrton Senna"
7178.0,"Marginal Tietê - Pista Expressa, a mais 200 m Ponte Júlio de Mesquita Neto Castelo Branco/Ayrton Senna"
